PairKey,SMILES_A,SMILES_B,Target_neglog_molkg,source
C#CCOC(=O)C(C)Oc1ccc(Oc2ncc(Cl)cc2F)cc1||CCCCCC(C)OC(=O)COc1ccc(Cl)c2cccnc12,C#CCOC(=O)C(C)Oc1ccc(Oc2ncc(Cl)cc2F)cc1,CCCCCC(C)OC(=O)COc1ccc(Cl)c2cccnc12,2.737918842951633,Acute_Oral_Toxicity
C#CCOc1ccc(CCNC(=O)C(OCC#C)c2ccc(Cl)cc2)cc1OC||CC1COC(Cn2cncn2)(c2ccc(Oc3ccc(Cl)cc3)cc2Cl)O1,C#CCOc1ccc(CCNC(=O)C(OCC#C)c2ccc(Cl)cc2)cc1OC,CC1COC(Cn2cncn2)(c2ccc(Oc3ccc(Cl)cc3)cc2Cl)O1,2.499312318749546,Acute_Oral_Toxicity
C#CCOc1ccc(CCNC(=O)C(OCC#C)c2ccc(Cl)cc2)cc1OC||N#Cc1c(Cl)c(Cl)c(Cl)c(C#N)c1Cl,C#CCOc1ccc(CCNC(=O)C(OCC#C)c2ccc(Cl)cc2)cc1OC,N#Cc1c(Cl)c(Cl)c(Cl)c(C#N)c1Cl,2.4031020244476924,Acute_Oral_Toxicity
C1COCCN1||C1COCCO1,C1COCCN1,C1COCCO1,1.3593633953141937,Smyth
C1COCCN1||C=CC#N,C1COCCN1,C=CC#N,2.130152217907689,Smyth
C1COCCN1||C=O,C1COCCN1,C=O,1.4783245443328237,Smyth
C1COCCN1||CC#N,C1COCCN1,CC#N,1.403666027131925,Smyth
C1COCCN1||CC(=O)c1ccccc1,C1COCCN1,CC(=O)c1ccccc1,1.7201765897904957,Smyth
C1COCCN1||CC(C)=O,C1COCCN1,CC(C)=O,1.343495441044638,Smyth
C1COCCN1||CC(O)CO,C1COCCN1,CC(O)CO,1.376028511968414,Smyth
C1COCCN1||CC(O)COC(C)COC(C)C,C1COCCN1,CC(O)COC(C)COC(C)C,1.752991679142836,Smyth
C1COCCN1||CC1=CC(=O)CC(C)(C)C1,C1COCCN1,CC1=CC(=O)CC(C)(C)C1,1.8542793776800948,Smyth
C1COCCN1||CC1CO1,C1COCCN1,CC1CO1,1.5216595452334285,Smyth
C1COCCN1||CCCCCCCCCCCCCOCCOCCOCCO,C1COCCN1,CCCCCCCCCCCCCOCCOCCOCCO,1.978145766759012,Smyth
C1COCCN1||CCCCOCCCC,C1COCCN1,CCCCOCCCC,1.5910503347849787,Smyth
C1COCCN1||CCCCOCCO,C1COCCN1,CCCCOCCO,1.7877968740346415,Smyth
C1COCCN1||CCO,C1COCCN1,CCO,1.4658480800681122,Smyth
C1COCCN1||CCOC(C)=O,C1COCCN1,CCOC(C)=O,1.393189608139788,Smyth
C1COCCN1||Cc1ccccc1,C1COCCN1,Cc1ccccc1,2.258910458383311,Smyth
C1COCCN1||ClC(Cl)(Cl)Cl,C1COCCN1,ClC(Cl)(Cl)Cl,1.9863196739430504,Smyth
C1COCCN1||ClC(Cl)=C(Cl)Cl,C1COCCN1,ClC(Cl)=C(Cl)Cl,1.9526546770598487,Smyth
C1COCCN1||Nc1ccccc1,C1COCCN1,Nc1ccccc1,2.074694037887708,Smyth
C1COCCN1||O=[N+]([O-])c1ccccc1,C1COCCN1,O=[N+]([O-])c1ccccc1,2.0301936186075067,Smyth
C1COCCN1||OCCNCCO,C1COCCN1,OCCNCCO,1.8993884645097765,Smyth
C1COCCN1||OCCO,C1COCCN1,OCCO,1.1061734419976652,Smyth
C1COCCN1||OCCOCCOCCOCCOCCOCCOCCOCCO,C1COCCN1,OCCOCCOCCOCCOCCOCCOCCOCCO,1.637060510651516,Smyth
C1COCCN1||OCCOc1ccccc1,C1COCCN1,OCCOc1ccccc1,1.4406139828518925,Smyth
C1COCCO1||C=CC#N,C1COCCO1,C=CC#N,2.311129417747608,Smyth
C1COCCO1||C=CC(=O)OCC,C1COCCO1,C=CC(=O)OCC,1.85818196636263,Smyth
C1COCCO1||C=O,C1COCCO1,C=O,1.435574557842031,Smyth
C1COCCO1||CC#N,C1COCCO1,CC#N,1.488621045089551,Smyth
C1COCCO1||CC(=O)c1ccccc1,C1COCCO1,CC(=O)c1ccccc1,1.4752196184001358,Smyth
C1COCCO1||CC(C)=O,C1COCCO1,CC(C)=O,1.0564456925428976,Smyth
C1COCCO1||CC(O)CO,C1COCCO1,CC(O)CO,0.5544573067517784,Smyth
C1COCCO1||CC(O)COC(C)COC(C)C,C1COCCO1,CC(O)COC(C)COC(C)C,0.9952315079407181,Smyth
C1COCCO1||CC1=CC(=O)CC(C)(C)C1,C1COCCO1,CC1=CC(=O)CC(C)(C)C1,1.479920907763347,Smyth
C1COCCO1||CC1CO1,C1COCCO1,CC1CO1,1.615215064306092,Smyth
C1COCCO1||CCCCCCCCCCCCCOCCOCCOCCO,C1COCCO1,CCCCCCCCCCCCCOCCOCCOCCO,1.300404575483504,Smyth
C1COCCO1||CCCCOCCCC,C1COCCO1,CCCCOCCCC,1.060750869062134,Smyth
C1COCCO1||CCCCOCCO,C1COCCO1,CCCCOCCO,1.3838344513392289,Smyth
C1COCCO1||CCO,C1COCCO1,CCO,0.6638455104296763,Smyth
C1COCCO1||CCOC(C)=O,C1COCCO1,CCOC(C)=O,0.8948965218637981,Smyth
C1COCCO1||Cc1ccccc1,C1COCCO1,Cc1ccccc1,1.0817471554029283,Smyth
C1COCCO1||ClC(Cl)(Cl)Cl,C1COCCO1,ClC(Cl)(Cl)Cl,1.4265346631558848,Smyth
C1COCCO1||ClC(Cl)=C(Cl)Cl,C1COCCO1,ClC(Cl)=C(Cl)Cl,1.5778895202256604,Smyth
C1COCCO1||Nc1ccccc1,C1COCCO1,Nc1ccccc1,1.7925306495375792,Smyth
C1COCCO1||O=[N+]([O-])c1ccccc1,C1COCCO1,O=[N+]([O-])c1ccccc1,2.151258217129543,Smyth
C1COCCO1||OCCNCCO,C1COCCO1,OCCNCCO,1.7487456503543677,Smyth
C1COCCO1||OCCO,C1COCCO1,OCCO,0.7667983228890419,Smyth
C1COCCO1||OCCOCCOCCOCCOCCOCCOCCOCCO,C1COCCO1,OCCOCCOCCOCCOCCOCCOCCOCCO,1.0121437691476785,Smyth
C1COCCO1||OCCOc1ccccc1,C1COCCO1,OCCOc1ccccc1,1.320910795380614,Smyth
C=CC#N||C=CC(=O)OCC,C=CC#N,C=CC(=O)OCC,2.5033154196475205,Smyth
C=CC#N||C=O,C=CC#N,C=O,1.966849285228989,Smyth
C=CC#N||CC#N,C=CC#N,CC#N,2.4006571498194376,Smyth
C=CC#N||CC(=O)c1ccccc1,C=CC#N,CC(=O)c1ccccc1,2.24198890172086,Smyth
C=CC#N||CC(C)=O,C=CC#N,CC(C)=O,2.471303840088811,Smyth
C=CC#N||CC(O)CO,C=CC#N,CC(O)CO,2.281168983765782,Smyth
C=CC#N||CC(O)COC(C)COC(C)C,C=CC#N,CC(O)COC(C)COC(C)C,2.644750250163667,Smyth
C=CC#N||CC1=CC(=O)CC(C)(C)C1,C=CC#N,CC1=CC(=O)CC(C)(C)C1,2.6390272302121813,Smyth
C=CC#N||CC1CO1,C=CC#N,CC1CO1,2.152373926927443,Smyth
C=CC#N||CCCCCCCCCCCCCOCCOCCOCCO,C=CC#N,CCCCCCCCCCCCCOCCOCCOCCO,3.072174947851232,Smyth
C=CC#N||CCCCOCCCC,C=CC#N,CCCCOCCCC,2.528174867049751,Smyth
C=CC#N||CCCCOCCO,C=CC#N,CCCCOCCO,2.628205349839179,Smyth
C=CC#N||CCO,C=CC#N,CCO,2.3494127658482986,Smyth
C=CC#N||CCOC(C)=O,C=CC#N,CCOC(C)=O,2.578798054755813,Smyth
C=CC#N||Cc1ccccc1,C=CC#N,Cc1ccccc1,2.6462295588318625,Smyth
C=CC#N||ClC(Cl)(Cl)Cl,C=CC#N,ClC(Cl)(Cl)Cl,2.557124059433529,Smyth
C=CC#N||ClC(Cl)=C(Cl)Cl,C=CC#N,ClC(Cl)=C(Cl)Cl,2.6831515046385745,Smyth
C=CC#N||Nc1ccccc1,C=CC#N,Nc1ccccc1,2.4032633042543656,Smyth
C=CC#N||O=[N+]([O-])c1ccccc1,C=CC#N,O=[N+]([O-])c1ccccc1,2.5173186418485294,Smyth
C=CC#N||OCCNCCO,C=CC#N,OCCNCCO,1.904410680681032,Smyth
C=CC#N||OCCO,C=CC#N,OCCO,2.3732873576601703,Smyth
C=CC#N||OCCOCCOCCOCCOCCOCCOCCOCCO,C=CC#N,OCCOCCOCCOCCOCCOCCOCCOCCO,2.8393407591573188,Smyth
C=CC#N||OCCOc1ccccc1,C=CC#N,OCCOc1ccccc1,2.6047783075705544,Smyth
C=CC(=O)OCC||C=O,C=CC(=O)OCC,C=O,1.7526888235624352,Smyth
C=CC(=O)OCC||CC#N,C=CC(=O)OCC,CC#N,1.7610709986165776,Smyth
C=CC(=O)OCC||CC(=O)c1ccccc1,C=CC(=O)OCC,CC(=O)c1ccccc1,1.8887874766988912,Smyth
C=CC(=O)OCC||CC(C)=O,C=CC(=O)OCC,CC(C)=O,1.812599053902368,Smyth
C=CC(=O)OCC||CC(O)CO,C=CC(=O)OCC,CC(O)CO,1.7963679767743823,Smyth
C=CC(=O)OCC||CC(O)COC(C)COC(C)C,C=CC(=O)OCC,CC(O)COC(C)COC(C)C,1.876088354424512,Smyth
C=CC(=O)OCC||CC1=CC(=O)CC(C)(C)C1,C=CC(=O)OCC,CC1=CC(=O)CC(C)(C)C1,1.9512870377548404,Smyth
C=CC(=O)OCC||CC1CO1,C=CC(=O)OCC,CC1CO1,1.9836135492290987,Smyth
C=CC(=O)OCC||CCCCCCCCCCCCCOCCOCCOCCO,C=CC(=O)OCC,CCCCCCCCCCCCCOCCOCCOCCO,2.192136687571713,Smyth
C=CC(=O)OCC||CCCCOCCCC,C=CC(=O)OCC,CCCCOCCCC,1.8615053778553663,Smyth
C=CC(=O)OCC||CCCCOCCO,C=CC(=O)OCC,CCCCOCCO,1.9383849302417249,Smyth
C=CC(=O)OCC||CCO,C=CC(=O)OCC,CCO,1.8100558332276857,Smyth
C=CC(=O)OCC||CCOC(C)=O,C=CC(=O)OCC,CCOC(C)=O,1.8178352640704232,Smyth
C=CC(=O)OCC||Cc1ccccc1,C=CC(=O)OCC,Cc1ccccc1,1.759488298065694,Smyth
C=CC(=O)OCC||ClC(Cl)(Cl)Cl,C=CC(=O)OCC,ClC(Cl)(Cl)Cl,1.7806103882463156,Smyth
C=CC(=O)OCC||ClC(Cl)=C(Cl)Cl,C=CC(=O)OCC,ClC(Cl)=C(Cl)Cl,1.8681565313153083,Smyth
C=CC(=O)OCC||Nc1ccccc1,C=CC(=O)OCC,Nc1ccccc1,1.8471628538934,Smyth
C=CC(=O)OCC||O=[N+]([O-])c1ccccc1,C=CC(=O)OCC,O=[N+]([O-])c1ccccc1,2.257564450112992,Smyth
C=CC(=O)OCC||OCCNCCO,C=CC(=O)OCC,OCCNCCO,1.5443391742225656,Smyth
C=CC(=O)OCC||OCCO,C=CC(=O)OCC,OCCO,1.6379329179983928,Smyth
C=CC(=O)OCC||OCCOCCOCCOCCOCCOCCOCCOCCO,C=CC(=O)OCC,OCCOCCOCCOCCOCCOCCOCCOCCO,2.247640706517757,Smyth
C=CC(=O)OCC||OCCOc1ccccc1,C=CC(=O)OCC,OCCOc1ccccc1,1.84201905440822,Smyth
C=O||CC#N,C=O,CC#N,1.262328376214536,Smyth
C=O||CC(=O)c1ccccc1,C=O,CC(=O)c1ccccc1,1.8568005537134744,Smyth
C=O||CC(C)=O,C=O,CC(C)=O,1.4279746236879065,Smyth
C=O||CC(O)CO,C=O,CC(O)CO,1.2876295310201156,Smyth
C=O||CC(O)COC(C)COC(C)C,C=O,CC(O)COC(C)COC(C)C,1.5460041981282524,Smyth
C=O||CC1=CC(=O)CC(C)(C)C1,C=O,CC1=CC(=O)CC(C)(C)C1,1.5413213882690011,Smyth
C=O||CC1CO1,C=O,CC1CO1,1.434562626215952,Smyth
C=O||CCCCCCCCCCCCCOCCOCCOCCO,C=O,CCCCCCCCCCCCCOCCOCCOCCO,2.06020459185454,Smyth
C=O||CCCCOCCCC,C=O,CCCCOCCCC,1.789340170916064,Smyth
C=O||CCCCOCCO,C=O,CCCCOCCO,1.6834803567253265,Smyth
C=O||CCO,C=O,CCO,1.328675740319731,Smyth
C=O||CCOC(C)=O,C=O,CCOC(C)=O,1.7041506109543485,Smyth
C=O||Cc1ccccc1,C=O,Cc1ccccc1,1.6248080250547805,Smyth
C=O||ClC(Cl)(Cl)Cl,C=O,ClC(Cl)(Cl)Cl,1.1345426943871542,Smyth
C=O||ClC(Cl)=C(Cl)Cl,C=O,ClC(Cl)=C(Cl)Cl,1.5205981895552836,Smyth
C=O||Nc1ccccc1,C=O,Nc1ccccc1,1.2459301409235712,Smyth
C=O||O=[N+]([O-])c1ccccc1,C=O,O=[N+]([O-])c1ccccc1,2.008530502831214,Smyth
C=O||OCCNCCO,C=O,OCCNCCO,2.005679204511295,Smyth
C=O||OCCO,C=O,OCCO,1.1709677310049666,Smyth
C=O||OCCOCCOCCOCCOCCOCCOCCOCCO,C=O,OCCOCCOCCOCCOCCOCCOCCOCCO,1.5530537253848935,Smyth
C=O||OCCOc1ccccc1,C=O,OCCOc1ccccc1,1.5523243746718365,Smyth
CC#N||CC(=O)c1ccccc1,CC#N,CC(=O)c1ccccc1,1.886909223854607,Smyth
CC#N||CC(C)=O,CC#N,CC(C)=O,1.3822383414797206,Smyth
CC#N||CC(O)CO,CC#N,CC(O)CO,0.4043456193200719,Smyth
CC#N||CC(O)COC(C)COC(C)C,CC#N,CC(O)COC(C)COC(C)C,1.2371627605849653,Smyth
CC#N||CC1=CC(=O)CC(C)(C)C1,CC#N,CC1=CC(=O)CC(C)(C)C1,1.5814159035966175,Smyth
CC#N||CC1CO1,CC#N,CC1CO1,1.8400341918659184,Smyth
CC#N||CCCCCCCCCCCCCOCCOCCOCCO,CC#N,CCCCCCCCCCCCCOCCOCCOCCO,1.7840967951601328,Smyth
CC#N||CCCCOCCCC,CC#N,CCCCOCCCC,1.0311385783405198,Smyth
CC#N||CCCCOCCO,CC#N,CCCCOCCO,1.4321977779634163,Smyth
CC#N||CCO,CC#N,CCO,0.605968238661572,Smyth
CC#N||CCOC(C)=O,CC#N,CCOC(C)=O,0.7364779316772225,Smyth
CC#N||Cc1ccccc1,CC#N,Cc1ccccc1,1.2396002395886876,Smyth
CC#N||ClC(Cl)(Cl)Cl,CC#N,ClC(Cl)(Cl)Cl,1.0672775608156515,Smyth
CC#N||ClC(Cl)=C(Cl)Cl,CC#N,ClC(Cl)=C(Cl)Cl,1.391251292548306,Smyth
CC#N||Nc1ccccc1,CC#N,Nc1ccccc1,1.6625923042779105,Smyth
CC#N||O=[N+]([O-])c1ccccc1,CC#N,O=[N+]([O-])c1ccccc1,1.8725858682787224,Smyth
CC#N||OCCNCCO,CC#N,OCCNCCO,1.595380721804849,Smyth
CC#N||OCCO,CC#N,OCCO,0.8087370642073912,Smyth
CC#N||OCCOCCOCCOCCOCCOCCOCCOCCO,CC#N,OCCOCCOCCOCCOCCOCCOCCOCCO,1.551310627146823,Smyth
CC#N||OCCOc1ccccc1,CC#N,OCCOc1ccccc1,1.180599648069791,Smyth
CC(=NC#N)N(C)Cc1ccc(Cl)nc1||Cc1c(COC(=O)C2C(C=C(Cl)C(F)(F)F)C2(C)C)cccc1-c1ccccc1,CC(=NC#N)N(C)Cc1ccc(Cl)nc1,Cc1c(COC(=O)C2C(C=C(Cl)C(F)(F)F)C2(C)C)cccc1-c1ccccc1,3.4440698369404945,Acute_Oral_Toxicity
CC(=O)OO||OO,CC(=O)OO,OO,2.2777811444398344,Acute_Oral_Toxicity
CC(=O)c1ccccc1||CC(C)=O,CC(=O)c1ccccc1,CC(C)=O,1.4598310607095917,Smyth
CC(=O)c1ccccc1||CC(O)CO,CC(=O)c1ccccc1,CC(O)CO,1.0621639088127377,Smyth
CC(=O)c1ccccc1||CC(O)COC(C)COC(C)C,CC(=O)c1ccccc1,CC(O)COC(C)COC(C)C,1.3156873947468284,Smyth
CC(=O)c1ccccc1||CC1=CC(=O)CC(C)(C)C1,CC(=O)c1ccccc1,CC1=CC(=O)CC(C)(C)C1,1.4537702032410895,Smyth
CC(=O)c1ccccc1||CC1CO1,CC(=O)c1ccccc1,CC1CO1,1.621872248321362,Smyth
CC(=O)c1ccccc1||CCCCCCCCCCCCCOCCOCCOCCO,CC(=O)c1ccccc1,CCCCCCCCCCCCCOCCOCCOCCO,1.7379233295144447,Smyth
CC(=O)c1ccccc1||CCCCOCCCC,CC(=O)c1ccccc1,CCCCOCCCC,1.6331145619162095,Smyth
CC(=O)c1ccccc1||CCCCOCCO,CC(=O)c1ccccc1,CCCCOCCO,1.87942833282382,Smyth
CC(=O)c1ccccc1||CCO,CC(=O)c1ccccc1,CCO,1.5132406839739698,Smyth
CC(=O)c1ccccc1||CCOC(C)=O,CC(=O)c1ccccc1,CCOC(C)=O,1.5818701414470155,Smyth
CC(=O)c1ccccc1||Cc1ccccc1,CC(=O)c1ccccc1,Cc1ccccc1,1.738631101897642,Smyth
CC(=O)c1ccccc1||ClC(Cl)(Cl)Cl,CC(=O)c1ccccc1,ClC(Cl)(Cl)Cl,1.9263560184015704,Smyth
CC(=O)c1ccccc1||ClC(Cl)=C(Cl)Cl,CC(=O)c1ccccc1,ClC(Cl)=C(Cl)Cl,1.9708915720925675,Smyth
CC(=O)c1ccccc1||Nc1ccccc1,CC(=O)c1ccccc1,Nc1ccccc1,1.854930656716008,Smyth
CC(=O)c1ccccc1||O=[N+]([O-])c1ccccc1,CC(=O)c1ccccc1,O=[N+]([O-])c1ccccc1,2.10944636573327,Smyth
CC(=O)c1ccccc1||OCCNCCO,CC(=O)c1ccccc1,OCCNCCO,1.7060648211006193,Smyth
CC(=O)c1ccccc1||OCCO,CC(=O)c1ccccc1,OCCO,1.267691475926359,Smyth
CC(=O)c1ccccc1||OCCOCCOCCOCCOCCOCCOCCOCCO,CC(=O)c1ccccc1,OCCOCCOCCOCCOCCOCCOCCOCCO,1.4800443190850718,Smyth
CC(=O)c1ccccc1||OCCOc1ccccc1,CC(=O)c1ccccc1,OCCOc1ccccc1,1.4524310983770383,Smyth
CC(C)(C)C(O)(CCc1ccc(Cl)cc1)Cn1cncn1||CCCC1COC(Cn2cncn2)(c2ccc(Cl)cc2Cl)O1,CC(C)(C)C(O)(CCc1ccc(Cl)cc1)Cn1cncn1,CCCC1COC(Cn2cncn2)(c2ccc(Cl)cc2Cl)O1,4.497862229577772,Acute_Oral_Toxicity
CC(C)(C)C(O)(CCc1ccc(Cl)cc1)Cn1cncn1||CN(C)C(=S)SSC(=S)N(C)C,CC(C)(C)C(O)(CCc1ccc(Cl)cc1)Cn1cncn1,CN(C)C(=S)SSC(=S)N(C)C,2.548082522945193,Acute_Oral_Toxicity
CC(C)(C)C(O)(CCc1ccc(Cl)cc1)Cn1cncn1||N#Cc1c[nH]cc1-c1cccc2c1OC(F)(F)O2,CC(C)(C)C(O)(CCc1ccc(Cl)cc1)Cn1cncn1,N#Cc1c[nH]cc1-c1cccc2c1OC(F)(F)O2,3.06933307817748,Acute_Oral_Toxicity
CC(C)(C)C(O)(CCc1ccc(Cl)cc1)Cn1cncn1||O=[N+]([O-])N=C1NCCN1Cc1ccc(Cl)nc1,CC(C)(C)C(O)(CCc1ccc(Cl)cc1)Cn1cncn1,O=[N+]([O-])N=C1NCCN1Cc1ccc(Cl)nc1,2.6875726689992043,Acute_Oral_Toxicity
CC(C)(C)C(O)C(Cc1ccc(Cl)cc1)n1cncn1||CC(C)C(O)(c1ccc(OC(F)(F)F)cc1)c1cncnc1,CC(C)(C)C(O)C(Cc1ccc(Cl)cc1)n1cncn1,CC(C)C(O)(c1ccc(OC(F)(F)F)cc1)c1cncnc1,2.672207951371229,Acute_Oral_Toxicity
CC(C)=CCCC(C)=CCO||CC1(C)C(C=C(Br)Br)C1C(=O)OC(C#N)c1cccc(Oc2ccccc2)c1,CC(C)=CCCC(C)=CCO,CC1(C)C(C=C(Br)Br)C1C(=O)OC(C#N)c1cccc(Oc2ccccc2)c1,2.701934346797424,Acute_Oral_Toxicity
CC(C)=O||CC(O)CO,CC(C)=O,CC(O)CO,0.5607222171398913,Smyth
CC(C)=O||CC(O)COC(C)COC(C)C,CC(C)=O,CC(O)COC(C)COC(C)C,0.8759938410930392,Smyth
CC(C)=O||CC1=CC(=O)CC(C)(C)C1,CC(C)=O,CC1=CC(=O)CC(C)(C)C1,1.6917515962728118,Smyth
CC(C)=O||CC1CO1,CC(C)=O,CC1CO1,1.3558361819198854,Smyth
CC(C)=O||CCCCCCCCCCCCCOCCOCCOCCO,CC(C)=O,CCCCCCCCCCCCCOCCOCCOCCO,1.3691408395331632,Smyth
CC(C)=O||CCCCOCCCC,CC(C)=O,CCCCOCCCC,0.9740662629992884,Smyth
CC(C)=O||CCCCOCCO,CC(C)=O,CCCCOCCO,1.458763429452952,Smyth
CC(C)=O||CCO,CC(C)=O,CCO,0.6013802904610945,Smyth
CC(C)=O||CCOC(C)=O,CC(C)=O,CCOC(C)=O,0.8543239148606132,Smyth
CC(C)=O||Cc1ccccc1,CC(C)=O,Cc1ccccc1,1.11961982299938,Smyth
CC(C)=O||ClC(Cl)(Cl)Cl,CC(C)=O,ClC(Cl)(Cl)Cl,1.3731709791416162,Smyth
CC(C)=O||ClC(Cl)=C(Cl)Cl,CC(C)=O,ClC(Cl)=C(Cl)Cl,1.2616314818069907,Smyth
CC(C)=O||Nc1ccccc1,CC(C)=O,Nc1ccccc1,1.7365111088837282,Smyth
CC(C)=O||O=[N+]([O-])c1ccccc1,CC(C)=O,O=[N+]([O-])c1ccccc1,2.147013965500748,Smyth
CC(C)=O||OCCNCCO,CC(C)=O,OCCNCCO,1.7554458686430583,Smyth
CC(C)=O||OCCO,CC(C)=O,OCCO,0.5417070323928865,Smyth
CC(C)=O||OCCOCCOCCOCCOCCOCCOCCOCCO,CC(C)=O,OCCOCCOCCOCCOCCOCCOCCOCCO,1.1038303978277764,Smyth
CC(C)=O||OCCOc1ccccc1,CC(C)=O,OCCOc1ccccc1,1.1249343106096157,Smyth
CC(C)C1CCC(Cc2ccc(Cl)cc2)C1(O)Cn1cncn1||CC1=C(C(=O)Nc2ccccc2)SCCO1,CC(C)C1CCC(Cc2ccc(Cl)cc2)C1(O)Cn1cncn1,CC1=C(C(=O)Nc2ccccc2)SCCO1,2.55928719021898,Acute_Oral_Toxicity
CC(C)C1CCC(Cc2ccc(Cl)cc2)C1(O)Cn1cncn1||CNC(=N[N+](=O)[O-])NCc1cnc(Cl)s1,CC(C)C1CCC(Cc2ccc(Cl)cc2)C1(O)Cn1cncn1,CNC(=N[N+](=O)[O-])NCc1cnc(Cl)s1,2.306742637286912,Acute_Oral_Toxicity
CC(C)C1CCC(Cc2ccc(Cl)cc2)C1(O)Cn1cncn1||COCC(=O)N(c1c(C)cccc1C)C(C)C(=O)OC,CC(C)C1CCC(Cc2ccc(Cl)cc2)C1(O)Cn1cncn1,COCC(=O)N(c1c(C)cccc1C)C(C)C(=O)OC,2.564694596478458,Acute_Oral_Toxicity
CC(C)CC(C)c1sccc1NC(=O)c1cn(C)nc1C(F)(F)F||N#Cc1c(Cl)c(Cl)c(Cl)c(C#N)c1Cl,CC(C)CC(C)c1sccc1NC(=O)c1cn(C)nc1C(F)(F)F,N#Cc1c(Cl)c(Cl)c(Cl)c(C#N)c1Cl,2.2651041120701434,Acute_Oral_Toxicity
CC(C)N(C(=O)COc1nnc(C(F)(F)F)s1)c1ccc(F)cc1||CSc1nnc(C(C)(C)C)c(=O)n1N,CC(C)N(C(=O)COc1nnc(C(F)(F)F)s1)c1ccc(F)cc1,CSc1nnc(C(C)(C)C)c(=O)n1N,2.3576936724105257,Acute_Oral_Toxicity
CC(COc1ccc(Oc2ccccc2)cc1)Oc1ccccn1||O=[N+]([O-])N=C1NCCN1Cc1ccc(Cl)nc1,CC(COc1ccc(Oc2ccccc2)cc1)Oc1ccccn1,O=[N+]([O-])N=C1NCCN1Cc1ccc(Cl)nc1,3.3740313912683604,Acute_Oral_Toxicity
CC(O)COC(C)COC(C)C||CC(O)COC(C)COC(C)C,CC(O)COC(C)COC(C)C,CC(O)COC(C)COC(C)C,1.406530755742775,Smyth
CC(O)COC(C)COC(C)C||CC1=CC(=O)CC(C)(C)C1,CC(O)COC(C)COC(C)C,CC1=CC(=O)CC(C)(C)C1,1.3639776897300728,Smyth
CC(O)COC(C)COC(C)C||CC1CO1,CC(O)COC(C)COC(C)C,CC1CO1,1.7114379518229643,Smyth
CC(O)COC(C)COC(C)C||CCCCCCCCCCCCCOCCOCCOCCO,CC(O)COC(C)COC(C)C,CCCCCCCCCCCCCOCCOCCOCCO,1.6499493233895848,Smyth
CC(O)COC(C)COC(C)C||CCCCOCCCC,CC(O)COC(C)COC(C)C,CCCCOCCCC,1.1793323377611244,Smyth
CC(O)COC(C)COC(C)C||CCCCOCCO,CC(O)COC(C)COC(C)C,CCCCOCCO,1.5811759826686558,Smyth
CC(O)COC(C)COC(C)C||CCO,CC(O)COC(C)COC(C)C,CCO,0.9450481691197504,Smyth
CC(O)COC(C)COC(C)C||CCOC(C)=O,CC(O)COC(C)COC(C)C,CCOC(C)=O,1.0924351709647135,Smyth
CC(O)COC(C)COC(C)C||Cc1ccccc1,CC(O)COC(C)COC(C)C,Cc1ccccc1,1.162716942548032,Smyth
CC(O)COC(C)COC(C)C||ClC(Cl)(Cl)Cl,CC(O)COC(C)COC(C)C,ClC(Cl)(Cl)Cl,1.3193163513153445,Smyth
CC(O)COC(C)COC(C)C||ClC(Cl)=C(Cl)Cl,CC(O)COC(C)COC(C)C,ClC(Cl)=C(Cl)Cl,1.324940660274779,Smyth
CC(O)COC(C)COC(C)C||Nc1ccccc1,CC(O)COC(C)COC(C)C,Nc1ccccc1,1.8744754443556753,Smyth
CC(O)COC(C)COC(C)C||O=[N+]([O-])c1ccccc1,CC(O)COC(C)COC(C)C,O=[N+]([O-])c1ccccc1,2.2023527215403567,Smyth
CC(O)COC(C)COC(C)C||OCCNCCO,CC(O)COC(C)COC(C)C,OCCNCCO,1.8864939556460443,Smyth
CC(O)COC(C)COC(C)C||OCCO,CC(O)COC(C)COC(C)C,OCCO,1.026225003473472,Smyth
CC(O)COC(C)COC(C)C||OCCOCCOCCOCCOCCOCCOCCOCCO,CC(O)COC(C)COC(C)C,OCCOCCOCCOCCOCCOCCOCCOCCO,1.3701921099703647,Smyth
CC(O)COC(C)COC(C)C||OCCOc1ccccc1,CC(O)COC(C)COC(C)C,OCCOc1ccccc1,1.4100298038791117,Smyth
CC(O)CO||CC(O)COC(C)COC(C)C,CC(O)CO,CC(O)COC(C)COC(C)C,0.8935775319768555,Smyth
CC(O)CO||CC1=CC(=O)CC(C)(C)C1,CC(O)CO,CC1=CC(=O)CC(C)(C)C1,1.5808134322210097,Smyth
CC(O)CO||CC1CO1,CC(O)CO,CC1CO1,1.2725705898177566,Smyth
CC(O)CO||CCCCCCCCCCCCCOCCOCCOCCO,CC(O)CO,CCCCCCCCCCCCCOCCOCCOCCO,1.207394288275678,Smyth
CC(O)CO||CCCCOCCCC,CC(O)CO,CCCCOCCCC,0.5670660199736792,Smyth
CC(O)CO||CCCCOCCO,CC(O)CO,CCCCOCCO,1.460099394049177,Smyth
CC(O)CO||CCO,CC(O)CO,CCO,0.3767268408919583,Smyth
CC(O)CO||CCOC(C)=O,CC(O)CO,CCOC(C)=O,0.7458071597046687,Smyth
CC(O)CO||Cc1ccccc1,CC(O)CO,Cc1ccccc1,0.748070512136774,Smyth
CC(O)CO||ClC(Cl)(Cl)Cl,CC(O)CO,ClC(Cl)(Cl)Cl,1.0733255364783372,Smyth
CC(O)CO||ClC(Cl)=C(Cl)Cl,CC(O)CO,ClC(Cl)=C(Cl)Cl,1.0550127402264329,Smyth
CC(O)CO||Nc1ccccc1,CC(O)CO,Nc1ccccc1,1.6209914918669115,Smyth
CC(O)CO||O=[N+]([O-])c1ccccc1,CC(O)CO,O=[N+]([O-])c1ccccc1,1.9548285959846368,Smyth
CC(O)CO||OCCNCCO,CC(O)CO,OCCNCCO,1.682253328475532,Smyth
CC(O)CO||OCCO,CC(O)CO,OCCO,0.3894729642606084,Smyth
CC(O)CO||OCCOCCOCCOCCOCCOCCOCCOCCO,CC(O)CO,OCCOCCOCCOCCOCCOCCOCCOCCO,0.6859938064891101,Smyth
CC(O)CO||OCCOc1ccccc1,CC(O)CO,OCCOc1ccccc1,1.1545983145199474,Smyth
CC(Oc1ccc(Oc2ccc(C#N)cc2F)cc1)C(=O)O||CCCCOC(=O)C(C)Oc1ccc(Oc2ccc(C#N)cc2F)cc1,CC(Oc1ccc(Oc2ccc(C#N)cc2F)cc1)C(=O)O,CCCCOC(=O)C(C)Oc1ccc(Oc2ccc(C#N)cc2F)cc1,2.53477758962022,Acute_Oral_Toxicity
CC1(C)C(=O)N(CO)C(=O)N1CO||O=c1[nH]sc2ccccc12,CC1(C)C(=O)N(CO)C(=O)N1CO,O=c1[nH]sc2ccccc12,2.6457764077692274,Acute_Oral_Toxicity
CC1(C)C(=O)N(Cl)C(=O)N1Br||CC1(C)C(=O)N(Cl)C(=O)N1Cl,CC1(C)C(=O)N(Cl)C(=O)N1Br,CC1(C)C(=O)N(Cl)C(=O)N1Cl,2.6880414079420025,Acute_Oral_Toxicity
CC1(C)C(C(=O)OC(C#N)c2cccc(Oc3ccccc3)c2)C1(C)C||CCOc1cc(C(C)(C)C)ccc1C1COC(c2c(F)cccc2F)=N1,CC1(C)C(C(=O)OC(C#N)c2cccc(Oc3ccccc3)c2)C1(C)C,CCOc1cc(C(C)(C)C)ccc1C1COC(c2c(F)cccc2F)=N1,3.0212463313746016,Acute_Oral_Toxicity
CC1(C)C(C=C(Br)Br)C1C(=O)OC(C#N)c1cccc(Oc2ccccc2)c1||COP(=S)(OC)Oc1nc(Cl)c(Cl)cc1Cl,CC1(C)C(C=C(Br)Br)C1C(=O)OC(C#N)c1cccc(Oc2ccccc2)c1,COP(=S)(OC)Oc1nc(Cl)c(Cl)cc1Cl,3.95180540154951,Acute_Oral_Toxicity
CC1(C)C(C=C(Cl)C(F)(F)F)C1C(=O)OC(C#N)c1cccc(Oc2ccccc2)c1||CN1COCN(Cc2cnc(Cl)s2)C1=N[N+](=O)[O-],CC1(C)C(C=C(Cl)C(F)(F)F)C1C(=O)OC(C#N)c1cccc(Oc2ccccc2)c1,CN1COCN(Cc2cnc(Cl)s2)C1=N[N+](=O)[O-],3.324015284673845,Acute_Oral_Toxicity
CC1(C)C(C=C(Cl)C(F)(F)F)C1C(=O)OC(C#N)c1cccc(Oc2ccccc2)c1||CNC(=O)c1cc(Cl)cc(C)c1NC(=O)c1cc(Br)nn1-c1ncccc1Cl,CC1(C)C(C=C(Cl)C(F)(F)F)C1C(=O)OC(C#N)c1cccc(Oc2ccccc2)c1,CNC(=O)c1cc(Cl)cc(C)c1NC(=O)c1cc(Br)nn1-c1ncccc1Cl,4.539128414543988,Acute_Oral_Toxicity
CC1(C)C(C=C(Cl)C(F)(F)F)C1C(=O)OC(C#N)c1cccc(Oc2ccccc2)c1||O=C(NC(=O)c1c(F)cccc1F)Nc1ccc(Cl)cc1,CC1(C)C(C=C(Cl)C(F)(F)F)C1C(=O)OC(C#N)c1cccc(Oc2ccccc2)c1,O=C(NC(=O)c1c(F)cccc1F)Nc1ccc(Cl)cc1,3.7780373088010335,Acute_Oral_Toxicity
CC1(C)C(C=C(Cl)C(F)(F)F)C1C(=O)OC(C#N)c1cccc(Oc2ccccc2)c1||O=[N+]([O-])N=C1NCCN1Cc1ccc(Cl)nc1,CC1(C)C(C=C(Cl)C(F)(F)F)C1C(=O)OC(C#N)c1cccc(Oc2ccccc2)c1,O=[N+]([O-])N=C1NCCN1Cc1ccc(Cl)nc1,3.60301218368443,Acute_Oral_Toxicity
CC1(C)C(C=C(Cl)Cl)C1C(=O)OC(C#N)c1cccc(Oc2ccccc2)c1||Cc1c(COC(=O)C2C(C=C(Cl)C(F)(F)F)C2(C)C)cccc1-c1ccccc1,CC1(C)C(C=C(Cl)Cl)C1C(=O)OC(C#N)c1cccc(Oc2ccccc2)c1,Cc1c(COC(=O)C2C(C=C(Cl)C(F)(F)F)C2(C)C)cccc1-c1ccccc1,3.7082745521561296,Acute_Oral_Toxicity
CC1(C)C(C=C(Cl)Cl)C1C(=O)OCc1cccc(Oc2ccccc2)c1||CCCCOCCOCCOCc1cc2c(cc1CCC)OCO2,CC1(C)C(C=C(Cl)Cl)C1C(=O)OCc1cccc(Oc2ccccc2)c1,CCCCOCCOCCOCc1cc2c(cc1CCC)OCO2,2.8253003374960057,Acute_Oral_Toxicity
CC1=CC(=O)CC(C)(C)C1||CC1CO1,CC1=CC(=O)CC(C)(C)C1,CC1CO1,1.6111095288642778,Smyth
CC1=CC(=O)CC(C)(C)C1||CCCCCCCCCCCCCOCCOCCOCCO,CC1=CC(=O)CC(C)(C)C1,CCCCCCCCCCCCCOCCOCCOCCO,1.6763969213355865,Smyth
CC1=CC(=O)CC(C)(C)C1||CCCCOCCCC,CC1=CC(=O)CC(C)(C)C1,CCCCOCCCC,1.4793466712206258,Smyth
CC1=CC(=O)CC(C)(C)C1||CCCCOCCO,CC1=CC(=O)CC(C)(C)C1,CCCCOCCO,1.6669060589911235,Smyth
CC1=CC(=O)CC(C)(C)C1||CCO,CC1=CC(=O)CC(C)(C)C1,CCO,1.5311869136058576,Smyth
CC1=CC(=O)CC(C)(C)C1||CCOC(C)=O,CC1=CC(=O)CC(C)(C)C1,CCOC(C)=O,1.573886888948434,Smyth
CC1=CC(=O)CC(C)(C)C1||Cc1ccccc1,CC1=CC(=O)CC(C)(C)C1,Cc1ccccc1,1.4650000131941452,Smyth
CC1=CC(=O)CC(C)(C)C1||ClC(Cl)(Cl)Cl,CC1=CC(=O)CC(C)(C)C1,ClC(Cl)(Cl)Cl,1.940697073385448,Smyth
CC1=CC(=O)CC(C)(C)C1||ClC(Cl)=C(Cl)Cl,CC1=CC(=O)CC(C)(C)C1,ClC(Cl)=C(Cl)Cl,1.6574580646929429,Smyth
CC1=CC(=O)CC(C)(C)C1||Nc1ccccc1,CC1=CC(=O)CC(C)(C)C1,Nc1ccccc1,1.8041849303315456,Smyth
CC1=CC(=O)CC(C)(C)C1||O=[N+]([O-])c1ccccc1,CC1=CC(=O)CC(C)(C)C1,O=[N+]([O-])c1ccccc1,1.968869087687694,Smyth
CC1=CC(=O)CC(C)(C)C1||OCCNCCO,CC1=CC(=O)CC(C)(C)C1,OCCNCCO,1.8586785808493584,Smyth
CC1=CC(=O)CC(C)(C)C1||OCCO,CC1=CC(=O)CC(C)(C)C1,OCCO,1.3516789255541857,Smyth
CC1=CC(=O)CC(C)(C)C1||OCCOCCOCCOCCOCCOCCOCCOCCO,CC1=CC(=O)CC(C)(C)C1,OCCOCCOCCOCCOCCOCCOCCOCCO,1.713754504949013,Smyth
CC1=CC(=O)CC(C)(C)C1||OCCOc1ccccc1,CC1=CC(=O)CC(C)(C)C1,OCCOc1ccccc1,1.368067935479119,Smyth
CC1CO1||CCCCCCCCCCCCCOCCOCCOCCO,CC1CO1,CCCCCCCCCCCCCOCCOCCOCCO,1.7990571188943916,Smyth
CC1CO1||CCCCOCCCC,CC1CO1,CCCCOCCCC,1.6711574745190485,Smyth
CC1CO1||CCCCOCCO,CC1CO1,CCCCOCCO,1.758340314567964,Smyth
CC1CO1||CCO,CC1CO1,CCO,1.2203432359018478,Smyth
CC1CO1||CCOC(C)=O,CC1CO1,CCOC(C)=O,1.869153570036206,Smyth
CC1CO1||Cc1ccccc1,CC1CO1,Cc1ccccc1,1.6715801275032274,Smyth
CC1CO1||ClC(Cl)(Cl)Cl,CC1CO1,ClC(Cl)(Cl)Cl,1.8978193950880848,Smyth
CC1CO1||ClC(Cl)=C(Cl)Cl,CC1CO1,ClC(Cl)=C(Cl)Cl,1.6486007352929812,Smyth
CC1CO1||Nc1ccccc1,CC1CO1,Nc1ccccc1,1.8260075996598617,Smyth
CC1CO1||O=[N+]([O-])c1ccccc1,CC1CO1,O=[N+]([O-])c1ccccc1,2.1109068768042065,Smyth
CC1CO1||OCCNCCO,CC1CO1,OCCNCCO,1.907716843327564,Smyth
CC1CO1||OCCO,CC1CO1,OCCO,1.399382120464568,Smyth
CC1CO1||OCCOCCOCCOCCOCCOCCOCCOCCO,CC1CO1,OCCOCCOCCOCCOCCOCCOCCOCCO,2.022442263350208,Smyth
CC1CO1||OCCOc1ccccc1,CC1CO1,OCCOc1ccccc1,1.5860185316689115,Smyth
CC1COC(Cn2cncn2)(c2ccc(Oc3ccc(Cl)cc3)cc2Cl)O1||N#Cc1c(Cl)c(Cl)c(Cl)c(C#N)c1Cl,CC1COC(Cn2cncn2)(c2ccc(Oc3ccc(Cl)cc3)cc2Cl)O1,N#Cc1c(Cl)c(Cl)c(Cl)c(C#N)c1Cl,2.5033343528317467,Acute_Oral_Toxicity
CCC(C)C1OC2(C=CC1C)CC1CC(CC=C(C)C(OC3CC(OC)C(OC4CC(OC)C(O)C(C)O4)C(C)O3)C(C)C=CC=C3COC4C(O)C(C)=CC(C(=O)O1)C34O)O2.COC1CC(OC2C(C)OC(OC3C(C)=CCC4CC(CC5(C=CC(C)C(C(C)C)O5)O4)OC(=O)C4C=C(C)C(O)C5OCC(=CC=CC3C)C45O)CC2OC)OC(C)C1O||COc1ccc(-c2ccccc2)cc1NNC(=O)OC(C)C,CCC(C)C1OC2(C=CC1C)CC1CC(CC=C(C)C(OC3CC(OC)C(OC4CC(OC)C(O)C(C)O4)C(C)O3)C(C)C=CC=C3COC4C(O)C(C)=CC(C(=O)O1)C34O)O2.COC1CC(OC2C(C)OC(OC3C(C)=CCC4CC(CC5(C=CC(C)C(C(C)C)O5)O4)OC(=O)C4C=C(C)C(O)C5OCC(=CC=CC3C)C45O)CC2OC)OC(C)C1O,COc1ccc(-c2ccccc2)cc1NNC(=O)OC(C)C,3.34669540201995,Acute_Oral_Toxicity
CCC1CCCC(OC2CCC(N(C)C)C(C)O2)C(C)C(=O)C2=CC3C(C=C(C)C4CC(OC5OC(C)C(OC)C(OC)C5OC)CC43)C2CC(=O)O1.CCC1CCCC(OC2CCC(N(C)C)C(C)O2)C(C)C(=O)C2=CC3C(C=CC4CC(OC5OC(C)C(OC)C(OC)C5OC)CC43)C2CC(=O)O1||Cc1c(COC(=O)C2C(C=C(Cl)C(F)(F)F)C2(C)C)cccc1-c1ccccc1,CCC1CCCC(OC2CCC(N(C)C)C(C)O2)C(C)C(=O)C2=CC3C(C=C(C)C4CC(OC5OC(C)C(OC)C(OC)C5OC)CC43)C2CC(=O)O1.CCC1CCCC(OC2CCC(N(C)C)C(C)O2)C(C)C(=O)C2=CC3C(C=CC4CC(OC5OC(C)C(OC)C(OC)C5OC)CC43)C2CC(=O)O1,Cc1c(COC(=O)C2C(C=C(Cl)C(F)(F)F)C2(C)C)cccc1-c1ccccc1,4.257922946633413,Acute_Oral_Toxicity
CCCCC(CC)COC(=O)COc1ccc(Cl)cc1C||NCCO.O=C(O)c1nc(Cl)ccc1Cl,CCCCC(CC)COC(=O)COc1ccc(Cl)cc1C,NCCO.O=C(O)c1nc(Cl)ccc1Cl,2.332592953634165,Acute_Oral_Toxicity
CCCCCCC(C)OC(=O)COc1nc(F)c(Cl)c(N)c1Cl||CCCCCCCC(=O)Oc1c(Br)cc(C#N)cc1Br,CCCCCCC(C)OC(=O)COc1nc(F)c(Cl)c(N)c1Cl,CCCCCCCC(=O)Oc1c(Br)cc(C#N)cc1Br,3.437811571063345,Acute_Oral_Toxicity
CCCCCCCCCCCCCOCCOCCOCCO||CCCCOCCCC,CCCCCCCCCCCCCOCCOCCOCCO,CCCCOCCCC,1.5734820321341942,Smyth
CCCCCCCCCCCCCOCCOCCOCCO||CCCCOCCO,CCCCCCCCCCCCCOCCOCCOCCO,CCCCOCCO,1.699376833088633,Smyth
CCCCCCCCCCCCCOCCOCCOCCO||CCO,CCCCCCCCCCCCCOCCOCCOCCO,CCO,1.4163118384161415,Smyth
CCCCCCCCCCCCCOCCOCCOCCO||CCOC(C)=O,CCCCCCCCCCCCCOCCOCCOCCO,CCOC(C)=O,1.0500552314436629,Smyth
CCCCCCCCCCCCCOCCOCCOCCO||Cc1ccccc1,CCCCCCCCCCCCCOCCOCCOCCO,Cc1ccccc1,1.3835997302047771,Smyth
CCCCCCCCCCCCCOCCOCCOCCO||ClC(Cl)(Cl)Cl,CCCCCCCCCCCCCOCCOCCOCCO,ClC(Cl)(Cl)Cl,1.4180102222320732,Smyth
CCCCCCCCCCCCCOCCOCCOCCO||ClC(Cl)=C(Cl)Cl,CCCCCCCCCCCCCOCCOCCOCCO,ClC(Cl)=C(Cl)Cl,1.2736677336513225,Smyth
CCCCCCCCCCCCCOCCOCCOCCO||Nc1ccccc1,CCCCCCCCCCCCCOCCOCCOCCO,Nc1ccccc1,2.10159747649403,Smyth
CCCCCCCCCCCCCOCCOCCOCCO||O=[N+]([O-])c1ccccc1,CCCCCCCCCCCCCOCCOCCOCCO,O=[N+]([O-])c1ccccc1,2.305136311413667,Smyth
CCCCCCCCCCCCCOCCOCCOCCO||OCCNCCO,CCCCCCCCCCCCCOCCOCCOCCO,OCCNCCO,2.011941547198573,Smyth
CCCCCCCCCCCCCOCCOCCOCCO||OCCO,CCCCCCCCCCCCCOCCOCCOCCO,OCCO,1.341846792460259,Smyth
CCCCCCCCCCCCCOCCOCCOCCO||OCCOCCOCCOCCOCCOCCOCCOCCO,CCCCCCCCCCCCCOCCOCCOCCO,OCCOCCOCCOCCOCCOCCOCCOCCO,1.2427766106519411,Smyth
CCCCCCCCCCCCCOCCOCCOCCO||OCCOc1ccccc1,CCCCCCCCCCCCCOCCOCCOCCO,OCCOc1ccccc1,1.4354965202676602,Smyth
CCCCCCCCCC[N+](C)(C)CCCCCCCCCC.[Cl-]||CCCCNC(=O)OCC#CI,CCCCCCCCCC[N+](C)(C)CCCCCCCCCC.[Cl-],CCCCNC(=O)OCC#CI,2.951174969676712,Acute_Oral_Toxicity
CCCCCCCCn1sccc1=O||COC(=O)Nc1nc2ccccc2[nH]1,CCCCCCCCn1sccc1=O,COC(=O)Nc1nc2ccccc2[nH]1,2.298452748982802,Acute_Oral_Toxicity
CCCCCCCCn1sccc1=O||Cn1sccc1=O,CCCCCCCCn1sccc1=O,Cn1sccc1=O,3.761237857619781,Acute_Oral_Toxicity
CCCCOCCCC||CCCCOCCO,CCCCOCCCC,CCCCOCCO,1.7089992853997185,Smyth
CCCCOCCCC||CCO,CCCCOCCCC,CCO,0.7177214445694087,Smyth
CCCCOCCCC||CCOC(C)=O,CCCCOCCCC,CCOC(C)=O,0.9888592347165206,Smyth
CCCCOCCCC||Cc1ccccc1,CCCCOCCCC,Cc1ccccc1,0.909239313676302,Smyth
CCCCOCCCC||ClC(Cl)(Cl)Cl,CCCCOCCCC,ClC(Cl)(Cl)Cl,1.6025792766385143,Smyth
CCCCOCCCC||ClC(Cl)=C(Cl)Cl,CCCCOCCCC,ClC(Cl)=C(Cl)Cl,1.531423765519134,Smyth
CCCCOCCCC||Nc1ccccc1,CCCCOCCCC,Nc1ccccc1,1.953796816398493,Smyth
CCCCOCCCC||O=[N+]([O-])c1ccccc1,CCCCOCCCC,O=[N+]([O-])c1ccccc1,2.233415549280016,Smyth
CCCCOCCCC||OCCNCCO,CCCCOCCCC,OCCNCCO,1.8863634804458087,Smyth
CCCCOCCCC||OCCO,CCCCOCCCC,OCCO,0.9193031884554892,Smyth
CCCCOCCCC||OCCOCCOCCOCCOCCOCCOCCOCCO,CCCCOCCCC,OCCOCCOCCOCCOCCOCCOCCOCCO,1.017984841719688,Smyth
CCCCOCCCC||OCCOc1ccccc1,CCCCOCCCC,OCCOc1ccccc1,1.4601137436313596,Smyth
CCCCOCCO||CCO,CCCCOCCO,CCO,1.442041433434849,Smyth
CCCCOCCO||CCOC(C)=O,CCCCOCCO,CCOC(C)=O,1.5077518431297394,Smyth
CCCCOCCO||Cc1ccccc1,CCCCOCCO,Cc1ccccc1,1.65618271467354,Smyth
CCCCOCCO||ClC(Cl)(Cl)Cl,CCCCOCCO,ClC(Cl)(Cl)Cl,1.8389405963416936,Smyth
CCCCOCCO||ClC(Cl)=C(Cl)Cl,CCCCOCCO,ClC(Cl)=C(Cl)Cl,1.6770460233358602,Smyth
CCCCOCCO||Nc1ccccc1,CCCCOCCO,Nc1ccccc1,1.847023676414624,Smyth
CCCCOCCO||O=[N+]([O-])c1ccccc1,CCCCOCCO,O=[N+]([O-])c1ccccc1,2.072441606398547,Smyth
CCCCOCCO||OCCNCCO,CCCCOCCO,OCCNCCO,1.7760274243190868,Smyth
CCCCOCCO||OCCO,CCCCOCCO,OCCO,1.4593843148767969,Smyth
CCCCOCCO||OCCOCCOCCOCCOCCOCCOCCOCCO,CCCCOCCO,OCCOCCOCCOCCOCCOCCOCCOCCO,1.902039420144632,Smyth
CCCCOCCO||OCCOc1ccccc1,CCCCOCCO,OCCOc1ccccc1,1.365219067239155,Smyth
CCNc1nc(Cl)nc(NC(C)C)n1||CCOC(=O)COc1cc(-n2ncc(C(F)(F)F)c(C)c2=O)c(F)cc1Cl,CCNc1nc(Cl)nc(NC(C)C)n1,CCOC(=O)COc1cc(-n2ncc(C(F)(F)F)c(C)c2=O)c(F)cc1Cl,2.4840358339868454,Acute_Oral_Toxicity
CCNc1nc(Cl)nc(NC(C)C)n1||CCOCN(C(=O)CCl)c1c(C)cccc1CC,CCNc1nc(Cl)nc(NC(C)C)n1,CCOCN(C(=O)CCl)c1c(C)cccc1CC,2.478173040489438,Acute_Oral_Toxicity
CCOC(=O)C(Cl)Cc1cc(-n2nc(C)n(C(F)F)c2=O)c(F)cc1Cl||O=C(O)CSc1cc(N=c2sc(=O)n3n2CCCC3)c(F)cc1Cl,CCOC(=O)C(Cl)Cc1cc(-n2nc(C)n(C(F)F)c2=O)c(F)cc1Cl,O=C(O)CSc1cc(N=c2sc(=O)n3n2CCCC3)c(F)cc1Cl,2.722202003706092,Acute_Oral_Toxicity
CCOC(=O)COc1cc(-c2nn(C)c(OC(F)F)c2Cl)c(F)cc1Cl||COc1c(Cl)ccc(Cl)c1C(=O)O,CCOC(=O)COc1cc(-c2nn(C)c(OC(F)F)c2Cl)c(F)cc1Cl,COc1c(Cl)ccc(Cl)c1C(=O)O,2.5358054665111864,Acute_Oral_Toxicity
CCOC(=O)Nc1cccc(OC(=O)Nc2ccccc2)c1||COC(=O)Nc1cccc(OC(=O)Nc2cccc(C)c2)c1,CCOC(=O)Nc1cccc(OC(=O)Nc2ccccc2)c1,COC(=O)Nc1cccc(OC(=O)Nc2cccc(C)c2)c1,2.7549416560222224,Acute_Oral_Toxicity
CCOC(C)=O||Cc1ccccc1,CCOC(C)=O,Cc1ccccc1,0.7736988609530613,Smyth
CCOC(C)=O||ClC(Cl)(Cl)Cl,CCOC(C)=O,ClC(Cl)(Cl)Cl,0.9177381296070182,Smyth
CCOC(C)=O||ClC(Cl)=C(Cl)Cl,CCOC(C)=O,ClC(Cl)=C(Cl)Cl,1.1548224173861596,Smyth
CCOC(C)=O||Nc1ccccc1,CCOC(C)=O,Nc1ccccc1,1.7682914634989584,Smyth
CCOC(C)=O||O=[N+]([O-])c1ccccc1,CCOC(C)=O,O=[N+]([O-])c1ccccc1,2.008425902523466,Smyth
CCOC(C)=O||OCCNCCO,CCOC(C)=O,OCCNCCO,1.820640761016945,Smyth
CCOC(C)=O||OCCO,CCOC(C)=O,OCCO,0.7265951233293315,Smyth
CCOC(C)=O||OCCOCCOCCOCCOCCOCCOCCOCCO,CCOC(C)=O,OCCOCCOCCOCCOCCOCCOCCOCCO,0.9711126787366616,Smyth
CCOC(C)=O||OCCOc1ccccc1,CCOC(C)=O,OCCOc1ccccc1,1.2251699871139603,Smyth
CCOP(=S)(OCC)Oc1nc(Cl)c(Cl)cc1Cl||Cc1c(COC(=O)C2C(C=C(Cl)C(F)(F)F)C2(C)C)cccc1-c1ccccc1,CCOP(=S)(OCC)Oc1nc(Cl)c(Cl)cc1Cl,Cc1c(COC(=O)C2C(C=C(Cl)C(F)(F)F)C2(C)C)cccc1-c1ccccc1,3.996529628385455,Acute_Oral_Toxicity
CCO||CCOC(C)=O,CCO,CCOC(C)=O,0.609649313570915,Smyth
CCO||Cc1ccccc1,CCO,Cc1ccccc1,1.0663235573464869,Smyth
CCO||ClC(Cl)(Cl)Cl,CCO,ClC(Cl)(Cl)Cl,1.2346290319261857,Smyth
CCO||ClC(Cl)=C(Cl)Cl,CCO,ClC(Cl)=C(Cl)Cl,1.0696900720883165,Smyth
CCO||Nc1ccccc1,CCO,Nc1ccccc1,1.5270184454786015,Smyth
CCO||O=[N+]([O-])c1ccccc1,CCO,O=[N+]([O-])c1ccccc1,1.927766578805835,Smyth
CCO||OCCNCCO,CCO,OCCNCCO,1.875456083637419,Smyth
CCO||OCCO,CCO,OCCO,0.1468800599964212,Smyth
CCO||OCCOCCOCCOCCOCCOCCOCCOCCO,CCO,OCCOCCOCCOCCOCCOCCOCCOCCO,0.7346047953806782,Smyth
CCO||OCCOc1ccccc1,CCO,OCCOc1ccccc1,1.1831117922953445,Smyth
CCc1cnc(C2=NC(C)(C(C)C)C(=O)N2)c(C(=O)O)c1||COCC(C)N(C(=O)CCl)c1c(C)csc1C,CCc1cnc(C2=NC(C)(C(C)C)C(=O)N2)c(C(=O)O)c1,COCC(C)N(C(=O)CCl)c1c(C)csc1C,2.3515475459566235,Acute_Oral_Toxicity
CN(C)C(=O)Nc1ccc(Cl)c(Cl)c1||COC(=O)Nc1nc2ccccc2[nH]1,CN(C)C(=O)Nc1ccc(Cl)c(Cl)c1,COC(=O)Nc1nc2ccccc2[nH]1,2.217989079970455,Acute_Oral_Toxicity
CN(C)C(=O)Nc1ccc(Cl)c(Cl)c1||O=C(Nc1ccccc1)Nc1cnns1,CN(C)C(=O)Nc1ccc(Cl)c(Cl)c1,O=C(Nc1ccccc1)Nc1cnns1,2.4789157228248277,Acute_Oral_Toxicity
CNC(=N[N+](=O)[O-])NCc1cnc(Cl)s1||Cc1c(COC(=O)C2C(C=C(Cl)C(F)(F)F)C2(C)C)cccc1-c1ccccc1,CNC(=N[N+](=O)[O-])NCc1cnc(Cl)s1,Cc1c(COC(=O)C2C(C=C(Cl)C(F)(F)F)C2(C)C)cccc1-c1ccccc1,3.401107130960659,Acute_Oral_Toxicity
CNC(=O)Oc1ccccc1OC(C)C||COP(=O)(OC)OC=C(Cl)Cl,CNC(=O)Oc1ccccc1OC(C)C,COP(=O)(OC)OC=C(Cl)Cl,3.680189807501703,Acute_Oral_Toxicity
CNC.COc1c(Cl)ccc(Cl)c1C(=O)O||CNC.O=C(O)COc1ccc(Cl)cc1Cl,CNC.COc1c(Cl)ccc(Cl)c1C(=O)O,CNC.O=C(O)COc1ccc(Cl)cc1Cl,3.369425181517386,Acute_Oral_Toxicity
CNC.O=C(O)COc1ccc(Cl)cc1Cl||Cc1nn(-c2cc(NS(C)(=O)=O)c(Cl)cc2Cl)c(=O)n1C(F)F,CNC.O=C(O)COc1ccc(Cl)cc1Cl,Cc1nn(-c2cc(NS(C)(=O)=O)c(Cl)cc2Cl)c(=O)n1C(F)F,2.719562117532444,Acute_Oral_Toxicity
CNC.O=C(O)COc1ccc(Cl)cc1Cl||O=C(O)COc1nc(Cl)c(Cl)cc1Cl,CNC.O=C(O)COc1ccc(Cl)cc1Cl,O=C(O)COc1nc(Cl)c(Cl)cc1Cl,2.2440954702163403,Acute_Oral_Toxicity
COC(C)(C)CCCC(C)CC=CC(C)=CC(=O)OC(C)C||N#Cc1nn(-c2c(Cl)cc(C(F)(F)F)cc2Cl)c(N)c1S(=O)C(F)(F)F,COC(C)(C)CCCC(C)CC=CC(C)=CC(=O)OC(C)C,N#Cc1nn(-c2c(Cl)cc(C(F)(F)F)cc2Cl)c(N)c1S(=O)C(F)(F)F,2.7024056880589296,Acute_Oral_Toxicity
COC=C(C(=O)OC)c1ccccc1Oc1cc(Oc2ccccc2C#N)ncn1||N#Cc1c[nH]cc1-c1cccc2c1OC(F)(F)O2,COC=C(C(=O)OC)c1ccccc1Oc1cc(Oc2ccccc2C#N)ncn1,N#Cc1c[nH]cc1-c1cccc2c1OC(F)(F)O2,2.4303264769438737,Acute_Oral_Toxicity
COCC(=O)N(c1c(C)cccc1C)C(C)C(=O)OC||N#Cc1c[nH]cc1-c1cccc2c1OC(F)(F)O2,COCC(=O)N(c1c(C)cccc1C)C(C)C(=O)OC,N#Cc1c[nH]cc1-c1cccc2c1OC(F)(F)O2,2.2345839575406328,Acute_Oral_Toxicity
CON=C(C(=O)OC)c1ccccc1CON=C(C)c1cccc(C(F)(F)F)c1||OC(Cc1ccccc1Cl)(Cn1[nH]cnc1=S)C1(Cl)CC1,CON=C(C(=O)OC)c1ccccc1CON=C(C)c1cccc(C(F)(F)F)c1,OC(Cc1ccccc1Cl)(Cn1[nH]cnc1=S)C1(Cl)CC1,2.2578061788086177,Acute_Oral_Toxicity
COP(=O)(NC(C)=O)SC||O=[N+]([O-])N=C1NCCN1Cc1ccc(Cl)nc1,COP(=O)(NC(C)=O)SC,O=[N+]([O-])N=C1NCCN1Cc1ccc(Cl)nc1,2.135351014971915,Acute_Oral_Toxicity
COc1c(Cl)ccc(Cl)c1C(=O)[O-].[Na+]||COc1nc(C)nc(NC(=O)NS(=O)(=O)c2ccccc2OCCCl)n1,COc1c(Cl)ccc(Cl)c1C(=O)[O-].[Na+],COc1nc(C)nc(NC(=O)NS(=O)(=O)c2ccccc2OCCCl)n1,2.017947670572449,Acute_Oral_Toxicity
COc1cc(OC)nc(NC(=O)NS(=O)(=O)c2c(C(=O)O)c(Cl)nn2C)n1||COc1nc(C)nc(NC(=O)NS(=O)(=O)c2ccsc2C(=O)O)n1,COc1cc(OC)nc(NC(=O)NS(=O)(=O)c2c(C(=O)O)c(Cl)nn2C)n1,COc1nc(C)nc(NC(=O)NS(=O)(=O)c2ccsc2C(=O)O)n1,2.7913529971116984,Acute_Oral_Toxicity
CSC(C)=NOC(=O)N(C)SN(C)C(=O)ON=C(C)SC||O=[N+]([O-])N=C1NCCN1Cc1ccc(Cl)nc1,CSC(C)=NOC(=O)N(C)SN(C)C(=O)ON=C(C)SC,O=[N+]([O-])N=C1NCCN1Cc1ccc(Cl)nc1,2.548580154672514,Acute_Oral_Toxicity
Cc1c(COC(=O)C2C(C=C(Cl)C(F)(F)F)C2(C)C)cccc1-c1ccccc1||O=[N+]([O-])N=C1NCCN1Cc1ccc(Cl)nc1,Cc1c(COC(=O)C2C(C=C(Cl)C(F)(F)F)C2(C)C)cccc1-c1ccccc1,O=[N+]([O-])N=C1NCCN1Cc1ccc(Cl)nc1,3.524526365224634,Acute_Oral_Toxicity
Cc1ccccc1||ClC(Cl)(Cl)Cl,Cc1ccccc1,ClC(Cl)(Cl)Cl,1.533634063041502,Smyth
Cc1ccccc1||ClC(Cl)=C(Cl)Cl,Cc1ccccc1,ClC(Cl)=C(Cl)Cl,1.3560168173627596,Smyth
Cc1ccccc1||Nc1ccccc1,Cc1ccccc1,Nc1ccccc1,1.752273664465246,Smyth
Cc1ccccc1||O=[N+]([O-])c1ccccc1,Cc1ccccc1,O=[N+]([O-])c1ccccc1,1.936829831268967,Smyth
Cc1ccccc1||OCCNCCO,Cc1ccccc1,OCCNCCO,1.813289876955476,Smyth
Cc1ccccc1||OCCO,Cc1ccccc1,OCCO,1.037867987021028,Smyth
Cc1ccccc1||OCCOCCOCCOCCOCCOCCOCCOCCO,Cc1ccccc1,OCCOCCOCCOCCOCCOCCOCCOCCO,1.4106637890199876,Smyth
Cc1ccccc1||OCCOc1ccccc1,Cc1ccccc1,OCCOc1ccccc1,1.5274817055612275,Smyth
ClC(Cl)(Cl)Cl||ClC(Cl)=C(Cl)Cl,ClC(Cl)(Cl)Cl,ClC(Cl)=C(Cl)Cl,1.5898073296969764,Smyth
ClC(Cl)(Cl)Cl||Nc1ccccc1,ClC(Cl)(Cl)Cl,Nc1ccccc1,1.9215122031721457,Smyth
ClC(Cl)(Cl)Cl||O=[N+]([O-])c1ccccc1,ClC(Cl)(Cl)Cl,O=[N+]([O-])c1ccccc1,2.229149476843986,Smyth
ClC(Cl)(Cl)Cl||OCCNCCO,ClC(Cl)(Cl)Cl,OCCNCCO,1.9474891633779337,Smyth
ClC(Cl)(Cl)Cl||OCCO,ClC(Cl)(Cl)Cl,OCCO,1.0296483079272591,Smyth
ClC(Cl)(Cl)Cl||OCCOCCOCCOCCOCCOCCOCCOCCO,ClC(Cl)(Cl)Cl,OCCOCCOCCOCCOCCOCCOCCOCCO,1.591637191164947,Smyth
ClC(Cl)(Cl)Cl||OCCOc1ccccc1,ClC(Cl)(Cl)Cl,OCCOc1ccccc1,1.5779769734446476,Smyth
ClC(Cl)=C(Cl)Cl||Nc1ccccc1,ClC(Cl)=C(Cl)Cl,Nc1ccccc1,1.8393000359197595,Smyth
ClC(Cl)=C(Cl)Cl||O=[N+]([O-])c1ccccc1,ClC(Cl)=C(Cl)Cl,O=[N+]([O-])c1ccccc1,1.9504702094745168,Smyth
ClC(Cl)=C(Cl)Cl||OCCNCCO,ClC(Cl)=C(Cl)Cl,OCCNCCO,1.6931622370362194,Smyth
ClC(Cl)=C(Cl)Cl||OCCO,ClC(Cl)=C(Cl)Cl,OCCO,0.941652336219722,Smyth
ClC(Cl)=C(Cl)Cl||OCCOCCOCCOCCOCCOCCOCCOCCO,ClC(Cl)=C(Cl)Cl,OCCOCCOCCOCCOCCOCCOCCOCCO,1.5963262891220944,Smyth
ClC(Cl)=C(Cl)Cl||OCCOc1ccccc1,ClC(Cl)=C(Cl)Cl,OCCOc1ccccc1,1.5867686376114585,Smyth
Cn1sc(Cl)cc1=O||Cn1sccc1=O,Cn1sc(Cl)cc1=O,Cn1sccc1=O,3.134764155640809,Acute_Oral_Toxicity
N#Cc1c[nH]cc1-c1cccc2c1OC(F)(F)O2||c1ccc2[nH]c(-c3cscn3)nc2c1,N#Cc1c[nH]cc1-c1cccc2c1OC(F)(F)O2,c1ccc2[nH]c(-c3cscn3)nc2c1,2.510329926579277,Acute_Oral_Toxicity
N#Cc1nn(-c2c(Cl)cc(C(F)(F)F)cc2Cl)c(N)c1S(=O)C(F)(F)F||O=[N+]([O-])N=C1NCCN1Cc1ccc(Cl)nc1,N#Cc1nn(-c2c(Cl)cc(C(F)(F)F)cc2Cl)c(N)c1S(=O)C(F)(F)F,O=[N+]([O-])N=C1NCCN1Cc1ccc(Cl)nc1,2.5624454028560284,Acute_Oral_Toxicity
Nc1ccccc1||O=[N+]([O-])c1ccccc1,Nc1ccccc1,O=[N+]([O-])c1ccccc1,2.340027463161263,Smyth
Nc1ccccc1||OCCNCCO,Nc1ccccc1,OCCNCCO,1.920737531851304,Smyth
Nc1ccccc1||OCCO,Nc1ccccc1,OCCO,1.6057306559693834,Smyth
Nc1ccccc1||OCCOCCOCCOCCOCCOCCOCCOCCO,Nc1ccccc1,OCCOCCOCCOCCOCCOCCOCCOCCO,2.2381569468321856,Smyth
Nc1ccccc1||OCCOc1ccccc1,Nc1ccccc1,OCCOc1ccccc1,1.845002139484949,Smyth
O=[N+]([O-])c1ccccc1||OCCNCCO,O=[N+]([O-])c1ccccc1,OCCNCCO,2.053446221961857,Smyth
O=[N+]([O-])c1ccccc1||OCCO,O=[N+]([O-])c1ccccc1,OCCO,1.965584807274388,Smyth
O=[N+]([O-])c1ccccc1||OCCOCCOCCOCCOCCOCCOCCOCCO,O=[N+]([O-])c1ccccc1,OCCOCCOCCOCCOCCOCCOCCOCCO,2.189180661586557,Smyth
O=[N+]([O-])c1ccccc1||OCCOc1ccccc1,O=[N+]([O-])c1ccccc1,OCCOc1ccccc1,2.1658828596479607,Smyth
OCCNCCO||OCCO,OCCNCCO,OCCO,1.5767426095426784,Smyth
OCCNCCO||OCCOCCOCCOCCOCCOCCOCCOCCO,OCCNCCO,OCCOCCOCCOCCOCCOCCOCCOCCO,2.2449563395227567,Smyth
OCCNCCO||OCCOc1ccccc1,OCCNCCO,OCCOc1ccccc1,1.815521875883107,Smyth
OCCOCCOCCOCCOCCOCCOCCOCCO||OCCOc1ccccc1,OCCOCCOCCOCCOCCOCCOCCOCCO,OCCOc1ccccc1,1.4141857140313303,Smyth
OCCO||OCCOCCOCCOCCOCCOCCOCCOCCO,OCCO,OCCOCCOCCOCCOCCOCCOCCOCCO,1.1529714365927908,Smyth
OCCO||OCCOc1ccccc1,OCCO,OCCOc1ccccc1,1.049990728983467,Smyth
