SMILES_A,SMILES_B,Target_neglog_molkg
C#CCOC(=O)C(C)Oc1ccc(Oc2ncc(Cl)cc2F)cc1,CCCCCC(C)OC(=O)COc1ccc(Cl)c2cccnc12,2.737918842951633
C#CCOc1ccc(CCNC(=O)C(OCC#C)c2ccc(Cl)cc2)cc1OC,CC1COC(Cn2cncn2)(c2ccc(Oc3ccc(Cl)cc3)cc2Cl)O1,2.499312318749546
C#CCOc1ccc(CCNC(=O)C(OCC#C)c2ccc(Cl)cc2)cc1OC,N#Cc1c(Cl)c(Cl)c(Cl)c(C#N)c1Cl,2.4031020244476924
C1COCCN1,C1COCCO1,1.3593633953141937
C1COCCN1,C=CC#N,2.130152217907689
C1COCCN1,C=O,1.4783245443328237
C1COCCN1,CC#N,1.403666027131925
C1COCCN1,CC(=O)c1ccccc1,1.7201765897904957
C1COCCN1,CC(C)=O,1.343495441044638
C1COCCN1,CC(O)CO,1.376028511968414
C1COCCN1,CC(O)COC(C)COC(C)C,1.752991679142836
C1COCCN1,CC1=CC(=O)CC(C)(C)C1,1.8542793776800948
C1COCCN1,CC1CO1,1.5216595452334285
C1COCCN1,CCCCCCCCCCCCCOCCOCCOCCO,1.978145766759012
C1COCCN1,CCCCOCCCC,1.5910503347849787
C1COCCN1,CCCCOCCO,1.7877968740346415
C1COCCN1,CCO,1.4658480800681122
C1COCCN1,CCOC(C)=O,1.393189608139788
C1COCCN1,Cc1ccccc1,2.258910458383311
C1COCCN1,ClC(Cl)(Cl)Cl,1.9863196739430504
C1COCCN1,ClC(Cl)=C(Cl)Cl,1.9526546770598487
C1COCCN1,Nc1ccccc1,2.074694037887708
C1COCCN1,O=[N+]([O-])c1ccccc1,2.0301936186075067
C1COCCN1,OCCNCCO,1.8993884645097765
C1COCCN1,OCCO,1.1061734419976652
C1COCCN1,OCCOCCOCCOCCOCCOCCOCCOCCO,1.637060510651516
C1COCCN1,OCCOc1ccccc1,1.4406139828518925
C1COCCO1,C=CC#N,2.311129417747608
C1COCCO1,C=CC(=O)OCC,1.85818196636263
C1COCCO1,C=O,1.435574557842031
C1COCCO1,CC#N,1.488621045089551
C1COCCO1,CC(=O)c1ccccc1,1.4752196184001358
C1COCCO1,CC(C)=O,1.0564456925428976
C1COCCO1,CC(O)CO,0.5544573067517784
C1COCCO1,CC(O)COC(C)COC(C)C,0.9952315079407181
C1COCCO1,CC1=CC(=O)CC(C)(C)C1,1.479920907763347
C1COCCO1,CC1CO1,1.615215064306092
C1COCCO1,CCCCCCCCCCCCCOCCOCCOCCO,1.300404575483504
C1COCCO1,CCCCOCCCC,1.060750869062134
C1COCCO1,CCCCOCCO,1.3838344513392289
C1COCCO1,CCO,0.6638455104296763
C1COCCO1,CCOC(C)=O,0.8948965218637981
C1COCCO1,Cc1ccccc1,1.0817471554029283
C1COCCO1,ClC(Cl)(Cl)Cl,1.4265346631558848
C1COCCO1,ClC(Cl)=C(Cl)Cl,1.5778895202256604
C1COCCO1,Nc1ccccc1,1.7925306495375792
C1COCCO1,O=[N+]([O-])c1ccccc1,2.151258217129543
C1COCCO1,OCCNCCO,1.7487456503543677
C1COCCO1,OCCO,0.7667983228890419
C1COCCO1,OCCOCCOCCOCCOCCOCCOCCOCCO,1.0121437691476785
C1COCCO1,OCCOc1ccccc1,1.320910795380614
C=CC#N,C=CC(=O)OCC,2.5033154196475205
C=CC#N,C=O,1.966849285228989
C=CC#N,CC#N,2.4006571498194376
C=CC#N,CC(=O)c1ccccc1,2.24198890172086
C=CC#N,CC(C)=O,2.471303840088811
C=CC#N,CC(O)CO,2.281168983765782
C=CC#N,CC(O)COC(C)COC(C)C,2.644750250163667
C=CC#N,CC1=CC(=O)CC(C)(C)C1,2.6390272302121813
C=CC#N,CC1CO1,2.152373926927443
C=CC#N,CCCCCCCCCCCCCOCCOCCOCCO,3.072174947851232
C=CC#N,CCCCOCCCC,2.528174867049751
C=CC#N,CCCCOCCO,2.628205349839179
C=CC#N,CCO,2.3494127658482986
C=CC#N,CCOC(C)=O,2.578798054755813
C=CC#N,Cc1ccccc1,2.6462295588318625
C=CC#N,ClC(Cl)(Cl)Cl,2.557124059433529
C=CC#N,ClC(Cl)=C(Cl)Cl,2.6831515046385745
C=CC#N,Nc1ccccc1,2.4032633042543656
C=CC#N,O=[N+]([O-])c1ccccc1,2.5173186418485294
C=CC#N,OCCNCCO,1.904410680681032
C=CC#N,OCCO,2.3732873576601703
C=CC#N,OCCOCCOCCOCCOCCOCCOCCOCCO,2.8393407591573188
C=CC#N,OCCOc1ccccc1,2.6047783075705544
C=CC(=O)OCC,C=O,1.7526888235624352
C=CC(=O)OCC,CC#N,1.7610709986165776
C=CC(=O)OCC,CC(=O)c1ccccc1,1.8887874766988912
C=CC(=O)OCC,CC(C)=O,1.812599053902368
C=CC(=O)OCC,CC(O)CO,1.7963679767743823
C=CC(=O)OCC,CC(O)COC(C)COC(C)C,1.876088354424512
C=CC(=O)OCC,CC1=CC(=O)CC(C)(C)C1,1.9512870377548404
C=CC(=O)OCC,CC1CO1,1.9836135492290987
C=CC(=O)OCC,CCCCCCCCCCCCCOCCOCCOCCO,2.192136687571713
C=CC(=O)OCC,CCCCOCCCC,1.8615053778553663
C=CC(=O)OCC,CCCCOCCO,1.9383849302417249
C=CC(=O)OCC,CCO,1.8100558332276857
C=CC(=O)OCC,CCOC(C)=O,1.8178352640704232
C=CC(=O)OCC,Cc1ccccc1,1.759488298065694
C=CC(=O)OCC,ClC(Cl)(Cl)Cl,1.7806103882463156
C=CC(=O)OCC,ClC(Cl)=C(Cl)Cl,1.8681565313153083
C=CC(=O)OCC,Nc1ccccc1,1.8471628538934
C=CC(=O)OCC,O=[N+]([O-])c1ccccc1,2.257564450112992
C=CC(=O)OCC,OCCNCCO,1.5443391742225656
C=CC(=O)OCC,OCCO,1.6379329179983928
C=CC(=O)OCC,OCCOCCOCCOCCOCCOCCOCCOCCO,2.247640706517757
C=CC(=O)OCC,OCCOc1ccccc1,1.84201905440822
C=O,CC#N,1.262328376214536
C=O,CC(=O)c1ccccc1,1.8568005537134744
C=O,CC(C)=O,1.4279746236879065
C=O,CC(O)CO,1.2876295310201156
C=O,CC(O)COC(C)COC(C)C,1.5460041981282524
C=O,CC1=CC(=O)CC(C)(C)C1,1.5413213882690011
C=O,CC1CO1,1.434562626215952
C=O,CCCCCCCCCCCCCOCCOCCOCCO,2.06020459185454
C=O,CCCCOCCCC,1.789340170916064
C=O,CCCCOCCO,1.6834803567253265
C=O,CCO,1.328675740319731
C=O,CCOC(C)=O,1.7041506109543485
C=O,Cc1ccccc1,1.6248080250547805
C=O,ClC(Cl)(Cl)Cl,1.1345426943871542
C=O,ClC(Cl)=C(Cl)Cl,1.5205981895552836
C=O,Nc1ccccc1,1.2459301409235712
C=O,O=[N+]([O-])c1ccccc1,2.008530502831214
C=O,OCCNCCO,2.005679204511295
C=O,OCCO,1.1709677310049666
C=O,OCCOCCOCCOCCOCCOCCOCCOCCO,1.5530537253848935
C=O,OCCOc1ccccc1,1.5523243746718365
CC#N,CC(=O)c1ccccc1,1.886909223854607
CC#N,CC(C)=O,1.3822383414797206
CC#N,CC(O)CO,0.4043456193200719
CC#N,CC(O)COC(C)COC(C)C,1.2371627605849653
CC#N,CC1=CC(=O)CC(C)(C)C1,1.5814159035966175
CC#N,CC1CO1,1.8400341918659184
CC#N,CCCCCCCCCCCCCOCCOCCOCCO,1.7840967951601328
CC#N,CCCCOCCCC,1.0311385783405198
CC#N,CCCCOCCO,1.4321977779634163
CC#N,CCO,0.605968238661572
CC#N,CCOC(C)=O,0.7364779316772225
CC#N,Cc1ccccc1,1.2396002395886876
CC#N,ClC(Cl)(Cl)Cl,1.0672775608156515
CC#N,ClC(Cl)=C(Cl)Cl,1.391251292548306
CC#N,Nc1ccccc1,1.6625923042779105
CC#N,O=[N+]([O-])c1ccccc1,1.8725858682787224
CC#N,OCCNCCO,1.595380721804849
CC#N,OCCO,0.8087370642073912
CC#N,OCCOCCOCCOCCOCCOCCOCCOCCO,1.551310627146823
CC#N,OCCOc1ccccc1,1.180599648069791
CC(=NC#N)N(C)Cc1ccc(Cl)nc1,Cc1c(COC(=O)C2C(C=C(Cl)C(F)(F)F)C2(C)C)cccc1-c1ccccc1,3.4440698369404945
CC(=O)OO,OO,2.2777811444398344
CC(=O)c1ccccc1,CC(C)=O,1.4598310607095917
CC(=O)c1ccccc1,CC(O)CO,1.0621639088127377
CC(=O)c1ccccc1,CC(O)COC(C)COC(C)C,1.3156873947468284
CC(=O)c1ccccc1,CC1=CC(=O)CC(C)(C)C1,1.4537702032410895
CC(=O)c1ccccc1,CC1CO1,1.621872248321362
CC(=O)c1ccccc1,CCCCCCCCCCCCCOCCOCCOCCO,1.7379233295144447
CC(=O)c1ccccc1,CCCCOCCCC,1.6331145619162095
CC(=O)c1ccccc1,CCCCOCCO,1.87942833282382
CC(=O)c1ccccc1,CCO,1.5132406839739698
CC(=O)c1ccccc1,CCOC(C)=O,1.5818701414470155
CC(=O)c1ccccc1,Cc1ccccc1,1.738631101897642
CC(=O)c1ccccc1,ClC(Cl)(Cl)Cl,1.9263560184015704
CC(=O)c1ccccc1,ClC(Cl)=C(Cl)Cl,1.9708915720925675
CC(=O)c1ccccc1,Nc1ccccc1,1.854930656716008
CC(=O)c1ccccc1,O=[N+]([O-])c1ccccc1,2.10944636573327
CC(=O)c1ccccc1,OCCNCCO,1.7060648211006193
CC(=O)c1ccccc1,OCCO,1.267691475926359
CC(=O)c1ccccc1,OCCOCCOCCOCCOCCOCCOCCOCCO,1.4800443190850718
CC(=O)c1ccccc1,OCCOc1ccccc1,1.4524310983770383
CC(C)(C)C(O)(CCc1ccc(Cl)cc1)Cn1cncn1,CCCC1COC(Cn2cncn2)(c2ccc(Cl)cc2Cl)O1,4.497862229577772
CC(C)(C)C(O)(CCc1ccc(Cl)cc1)Cn1cncn1,CN(C)C(=S)SSC(=S)N(C)C,2.548082522945193
CC(C)(C)C(O)(CCc1ccc(Cl)cc1)Cn1cncn1,N#Cc1c[nH]cc1-c1cccc2c1OC(F)(F)O2,3.06933307817748
CC(C)(C)C(O)(CCc1ccc(Cl)cc1)Cn1cncn1,O=[N+]([O-])N=C1NCCN1Cc1ccc(Cl)nc1,2.6875726689992043
CC(C)(C)C(O)C(Cc1ccc(Cl)cc1)n1cncn1,CC(C)C(O)(c1ccc(OC(F)(F)F)cc1)c1cncnc1,2.672207951371229
CC(C)=CCCC(C)=CCO,CC1(C)C(C=C(Br)Br)C1C(=O)OC(C#N)c1cccc(Oc2ccccc2)c1,2.701934346797424
CC(C)=O,CC(O)CO,0.5607222171398913
CC(C)=O,CC(O)COC(C)COC(C)C,0.8759938410930392
CC(C)=O,CC1=CC(=O)CC(C)(C)C1,1.6917515962728118
CC(C)=O,CC1CO1,1.3558361819198854
CC(C)=O,CCCCCCCCCCCCCOCCOCCOCCO,1.3691408395331632
CC(C)=O,CCCCOCCCC,0.9740662629992884
CC(C)=O,CCCCOCCO,1.458763429452952
CC(C)=O,CCO,0.6013802904610945
CC(C)=O,CCOC(C)=O,0.8543239148606132
CC(C)=O,Cc1ccccc1,1.11961982299938
CC(C)=O,ClC(Cl)(Cl)Cl,1.3731709791416162
CC(C)=O,ClC(Cl)=C(Cl)Cl,1.2616314818069907
CC(C)=O,Nc1ccccc1,1.7365111088837282
CC(C)=O,O=[N+]([O-])c1ccccc1,2.147013965500748
CC(C)=O,OCCNCCO,1.7554458686430583
CC(C)=O,OCCO,0.5417070323928865
CC(C)=O,OCCOCCOCCOCCOCCOCCOCCOCCO,1.1038303978277764
CC(C)=O,OCCOc1ccccc1,1.1249343106096157
CC(C)C1CCC(Cc2ccc(Cl)cc2)C1(O)Cn1cncn1,CC1=C(C(=O)Nc2ccccc2)SCCO1,2.55928719021898
CC(C)C1CCC(Cc2ccc(Cl)cc2)C1(O)Cn1cncn1,CNC(=N[N+](=O)[O-])NCc1cnc(Cl)s1,2.306742637286912
CC(C)C1CCC(Cc2ccc(Cl)cc2)C1(O)Cn1cncn1,COCC(=O)N(c1c(C)cccc1C)C(C)C(=O)OC,2.564694596478458
CC(C)CC(C)c1sccc1NC(=O)c1cn(C)nc1C(F)(F)F,N#Cc1c(Cl)c(Cl)c(Cl)c(C#N)c1Cl,2.2651041120701434
CC(C)N(C(=O)COc1nnc(C(F)(F)F)s1)c1ccc(F)cc1,CSc1nnc(C(C)(C)C)c(=O)n1N,2.3576936724105257
CC(COc1ccc(Oc2ccccc2)cc1)Oc1ccccn1,O=[N+]([O-])N=C1NCCN1Cc1ccc(Cl)nc1,3.3740313912683604
CC(O)COC(C)COC(C)C,CC(O)COC(C)COC(C)C,1.406530755742775
CC(O)COC(C)COC(C)C,CC1=CC(=O)CC(C)(C)C1,1.3639776897300728
CC(O)COC(C)COC(C)C,CC1CO1,1.7114379518229643
CC(O)COC(C)COC(C)C,CCCCCCCCCCCCCOCCOCCOCCO,1.6499493233895848
CC(O)COC(C)COC(C)C,CCCCOCCCC,1.1793323377611244
CC(O)COC(C)COC(C)C,CCCCOCCO,1.5811759826686558
CC(O)COC(C)COC(C)C,CCO,0.9450481691197504
CC(O)COC(C)COC(C)C,CCOC(C)=O,1.0924351709647135
CC(O)COC(C)COC(C)C,Cc1ccccc1,1.162716942548032
CC(O)COC(C)COC(C)C,ClC(Cl)(Cl)Cl,1.3193163513153445
CC(O)COC(C)COC(C)C,ClC(Cl)=C(Cl)Cl,1.324940660274779
CC(O)COC(C)COC(C)C,Nc1ccccc1,1.8744754443556753
CC(O)COC(C)COC(C)C,O=[N+]([O-])c1ccccc1,2.2023527215403567
CC(O)COC(C)COC(C)C,OCCNCCO,1.8864939556460443
CC(O)COC(C)COC(C)C,OCCO,1.026225003473472
CC(O)COC(C)COC(C)C,OCCOCCOCCOCCOCCOCCOCCOCCO,1.3701921099703647
CC(O)COC(C)COC(C)C,OCCOc1ccccc1,1.4100298038791117
CC(O)CO,CC(O)COC(C)COC(C)C,0.8935775319768555
CC(O)CO,CC1=CC(=O)CC(C)(C)C1,1.5808134322210097
CC(O)CO,CC1CO1,1.2725705898177566
CC(O)CO,CCCCCCCCCCCCCOCCOCCOCCO,1.207394288275678
CC(O)CO,CCCCOCCCC,0.5670660199736792
CC(O)CO,CCCCOCCO,1.460099394049177
CC(O)CO,CCO,0.3767268408919583
CC(O)CO,CCOC(C)=O,0.7458071597046687
CC(O)CO,Cc1ccccc1,0.748070512136774
CC(O)CO,ClC(Cl)(Cl)Cl,1.0733255364783372
CC(O)CO,ClC(Cl)=C(Cl)Cl,1.0550127402264329
CC(O)CO,Nc1ccccc1,1.6209914918669115
CC(O)CO,O=[N+]([O-])c1ccccc1,1.9548285959846368
CC(O)CO,OCCNCCO,1.682253328475532
CC(O)CO,OCCO,0.3894729642606084
CC(O)CO,OCCOCCOCCOCCOCCOCCOCCOCCO,0.6859938064891101
CC(O)CO,OCCOc1ccccc1,1.1545983145199474
CC(Oc1ccc(Oc2ccc(C#N)cc2F)cc1)C(=O)O,CCCCOC(=O)C(C)Oc1ccc(Oc2ccc(C#N)cc2F)cc1,2.53477758962022
CC1(C)C(=O)N(CO)C(=O)N1CO,O=c1[nH]sc2ccccc12,2.6457764077692274
CC1(C)C(=O)N(Cl)C(=O)N1Br,CC1(C)C(=O)N(Cl)C(=O)N1Cl,2.6880414079420025
CC1(C)C(C(=O)OC(C#N)c2cccc(Oc3ccccc3)c2)C1(C)C,CCOc1cc(C(C)(C)C)ccc1C1COC(c2c(F)cccc2F)=N1,3.0212463313746016
CC1(C)C(C=C(Br)Br)C1C(=O)OC(C#N)c1cccc(Oc2ccccc2)c1,COP(=S)(OC)Oc1nc(Cl)c(Cl)cc1Cl,3.95180540154951
CC1(C)C(C=C(Cl)C(F)(F)F)C1C(=O)OC(C#N)c1cccc(Oc2ccccc2)c1,CN1COCN(Cc2cnc(Cl)s2)C1=N[N+](=O)[O-],3.324015284673845
CC1(C)C(C=C(Cl)C(F)(F)F)C1C(=O)OC(C#N)c1cccc(Oc2ccccc2)c1,CNC(=O)c1cc(Cl)cc(C)c1NC(=O)c1cc(Br)nn1-c1ncccc1Cl,4.539128414543988
CC1(C)C(C=C(Cl)C(F)(F)F)C1C(=O)OC(C#N)c1cccc(Oc2ccccc2)c1,O=C(NC(=O)c1c(F)cccc1F)Nc1ccc(Cl)cc1,3.7780373088010335
CC1(C)C(C=C(Cl)C(F)(F)F)C1C(=O)OC(C#N)c1cccc(Oc2ccccc2)c1,O=[N+]([O-])N=C1NCCN1Cc1ccc(Cl)nc1,3.60301218368443
CC1(C)C(C=C(Cl)Cl)C1C(=O)OC(C#N)c1cccc(Oc2ccccc2)c1,Cc1c(COC(=O)C2C(C=C(Cl)C(F)(F)F)C2(C)C)cccc1-c1ccccc1,3.7082745521561296
CC1(C)C(C=C(Cl)Cl)C1C(=O)OCc1cccc(Oc2ccccc2)c1,CCCCOCCOCCOCc1cc2c(cc1CCC)OCO2,2.8253003374960057
CC1=CC(=O)CC(C)(C)C1,CC1CO1,1.6111095288642778
CC1=CC(=O)CC(C)(C)C1,CCCCCCCCCCCCCOCCOCCOCCO,1.6763969213355865
CC1=CC(=O)CC(C)(C)C1,CCCCOCCCC,1.4793466712206258
CC1=CC(=O)CC(C)(C)C1,CCCCOCCO,1.6669060589911235
CC1=CC(=O)CC(C)(C)C1,CCO,1.5311869136058576
CC1=CC(=O)CC(C)(C)C1,CCOC(C)=O,1.573886888948434
CC1=CC(=O)CC(C)(C)C1,Cc1ccccc1,1.4650000131941452
CC1=CC(=O)CC(C)(C)C1,ClC(Cl)(Cl)Cl,1.940697073385448
CC1=CC(=O)CC(C)(C)C1,ClC(Cl)=C(Cl)Cl,1.6574580646929429
CC1=CC(=O)CC(C)(C)C1,Nc1ccccc1,1.8041849303315456
CC1=CC(=O)CC(C)(C)C1,O=[N+]([O-])c1ccccc1,1.968869087687694
CC1=CC(=O)CC(C)(C)C1,OCCNCCO,1.8586785808493584
CC1=CC(=O)CC(C)(C)C1,OCCO,1.3516789255541857
CC1=CC(=O)CC(C)(C)C1,OCCOCCOCCOCCOCCOCCOCCOCCO,1.713754504949013
CC1=CC(=O)CC(C)(C)C1,OCCOc1ccccc1,1.368067935479119
CC1CO1,CCCCCCCCCCCCCOCCOCCOCCO,1.7990571188943916
CC1CO1,CCCCOCCCC,1.6711574745190485
CC1CO1,CCCCOCCO,1.758340314567964
CC1CO1,CCO,1.2203432359018478
CC1CO1,CCOC(C)=O,1.869153570036206
CC1CO1,Cc1ccccc1,1.6715801275032274
CC1CO1,ClC(Cl)(Cl)Cl,1.8978193950880848
CC1CO1,ClC(Cl)=C(Cl)Cl,1.6486007352929812
CC1CO1,Nc1ccccc1,1.8260075996598617
CC1CO1,O=[N+]([O-])c1ccccc1,2.1109068768042065
CC1CO1,OCCNCCO,1.907716843327564
CC1CO1,OCCO,1.399382120464568
CC1CO1,OCCOCCOCCOCCOCCOCCOCCOCCO,2.022442263350208
CC1CO1,OCCOc1ccccc1,1.5860185316689115
CC1COC(Cn2cncn2)(c2ccc(Oc3ccc(Cl)cc3)cc2Cl)O1,N#Cc1c(Cl)c(Cl)c(Cl)c(C#N)c1Cl,2.5033343528317467
CCC(C)C1OC2(C=CC1C)CC1CC(CC=C(C)C(OC3CC(OC)C(OC4CC(OC)C(O)C(C)O4)C(C)O3)C(C)C=CC=C3COC4C(O)C(C)=CC(C(=O)O1)C34O)O2.COC1CC(OC2C(C)OC(OC3C(C)=CCC4CC(CC5(C=CC(C)C(C(C)C)O5)O4)OC(=O)C4C=C(C)C(O)C5OCC(=CC=CC3C)C45O)CC2OC)OC(C)C1O,COc1ccc(-c2ccccc2)cc1NNC(=O)OC(C)C,3.34669540201995
CCC1CCCC(OC2CCC(N(C)C)C(C)O2)C(C)C(=O)C2=CC3C(C=C(C)C4CC(OC5OC(C)C(OC)C(OC)C5OC)CC43)C2CC(=O)O1.CCC1CCCC(OC2CCC(N(C)C)C(C)O2)C(C)C(=O)C2=CC3C(C=CC4CC(OC5OC(C)C(OC)C(OC)C5OC)CC43)C2CC(=O)O1,Cc1c(COC(=O)C2C(C=C(Cl)C(F)(F)F)C2(C)C)cccc1-c1ccccc1,4.257922946633413
CCCCC(CC)COC(=O)COc1ccc(Cl)cc1C,NCCO.O=C(O)c1nc(Cl)ccc1Cl,2.332592953634165
CCCCCCC(C)OC(=O)COc1nc(F)c(Cl)c(N)c1Cl,CCCCCCCC(=O)Oc1c(Br)cc(C#N)cc1Br,3.437811571063345
CCCCCCCCCCCCCOCCOCCOCCO,CCCCOCCCC,1.5734820321341942
CCCCCCCCCCCCCOCCOCCOCCO,CCCCOCCO,1.699376833088633
CCCCCCCCCCCCCOCCOCCOCCO,CCO,1.4163118384161415
CCCCCCCCCCCCCOCCOCCOCCO,CCOC(C)=O,1.0500552314436629
CCCCCCCCCCCCCOCCOCCOCCO,Cc1ccccc1,1.3835997302047771
CCCCCCCCCCCCCOCCOCCOCCO,ClC(Cl)(Cl)Cl,1.4180102222320732
CCCCCCCCCCCCCOCCOCCOCCO,ClC(Cl)=C(Cl)Cl,1.2736677336513225
CCCCCCCCCCCCCOCCOCCOCCO,Nc1ccccc1,2.10159747649403
CCCCCCCCCCCCCOCCOCCOCCO,O=[N+]([O-])c1ccccc1,2.305136311413667
CCCCCCCCCCCCCOCCOCCOCCO,OCCNCCO,2.011941547198573
CCCCCCCCCCCCCOCCOCCOCCO,OCCO,1.341846792460259
CCCCCCCCCCCCCOCCOCCOCCO,OCCOCCOCCOCCOCCOCCOCCOCCO,1.2427766106519411
CCCCCCCCCCCCCOCCOCCOCCO,OCCOc1ccccc1,1.4354965202676602
CCCCCCCCCC[N+](C)(C)CCCCCCCCCC.[Cl-],CCCCNC(=O)OCC#CI,2.951174969676712
CCCCCCCCn1sccc1=O,COC(=O)Nc1nc2ccccc2[nH]1,2.298452748982802
CCCCCCCCn1sccc1=O,Cn1sccc1=O,3.761237857619781
CCCCOCCCC,CCCCOCCO,1.7089992853997185
CCCCOCCCC,CCO,0.7177214445694087
CCCCOCCCC,CCOC(C)=O,0.9888592347165206
CCCCOCCCC,Cc1ccccc1,0.909239313676302
CCCCOCCCC,ClC(Cl)(Cl)Cl,1.6025792766385143
CCCCOCCCC,ClC(Cl)=C(Cl)Cl,1.531423765519134
CCCCOCCCC,Nc1ccccc1,1.953796816398493
CCCCOCCCC,O=[N+]([O-])c1ccccc1,2.233415549280016
CCCCOCCCC,OCCNCCO,1.8863634804458087
CCCCOCCCC,OCCO,0.9193031884554892
CCCCOCCCC,OCCOCCOCCOCCOCCOCCOCCOCCO,1.017984841719688
CCCCOCCCC,OCCOc1ccccc1,1.4601137436313596
CCCCOCCO,CCO,1.442041433434849
CCCCOCCO,CCOC(C)=O,1.5077518431297394
CCCCOCCO,Cc1ccccc1,1.65618271467354
CCCCOCCO,ClC(Cl)(Cl)Cl,1.8389405963416936
CCCCOCCO,ClC(Cl)=C(Cl)Cl,1.6770460233358602
CCCCOCCO,Nc1ccccc1,1.847023676414624
CCCCOCCO,O=[N+]([O-])c1ccccc1,2.072441606398547
CCCCOCCO,OCCNCCO,1.7760274243190868
CCCCOCCO,OCCO,1.4593843148767969
CCCCOCCO,OCCOCCOCCOCCOCCOCCOCCOCCO,1.902039420144632
CCCCOCCO,OCCOc1ccccc1,1.365219067239155
CCNc1nc(Cl)nc(NC(C)C)n1,CCOC(=O)COc1cc(-n2ncc(C(F)(F)F)c(C)c2=O)c(F)cc1Cl,2.4840358339868454
CCNc1nc(Cl)nc(NC(C)C)n1,CCOCN(C(=O)CCl)c1c(C)cccc1CC,2.478173040489438
CCOC(=O)C(Cl)Cc1cc(-n2nc(C)n(C(F)F)c2=O)c(F)cc1Cl,O=C(O)CSc1cc(N=c2sc(=O)n3n2CCCC3)c(F)cc1Cl,2.722202003706092
CCOC(=O)COc1cc(-c2nn(C)c(OC(F)F)c2Cl)c(F)cc1Cl,COc1c(Cl)ccc(Cl)c1C(=O)O,2.5358054665111864
CCOC(=O)Nc1cccc(OC(=O)Nc2ccccc2)c1,COC(=O)Nc1cccc(OC(=O)Nc2cccc(C)c2)c1,2.7549416560222224
CCOC(C)=O,Cc1ccccc1,0.7736988609530613
CCOC(C)=O,ClC(Cl)(Cl)Cl,0.9177381296070182
CCOC(C)=O,ClC(Cl)=C(Cl)Cl,1.1548224173861596
CCOC(C)=O,Nc1ccccc1,1.7682914634989584
CCOC(C)=O,O=[N+]([O-])c1ccccc1,2.008425902523466
CCOC(C)=O,OCCNCCO,1.820640761016945
CCOC(C)=O,OCCO,0.7265951233293315
CCOC(C)=O,OCCOCCOCCOCCOCCOCCOCCOCCO,0.9711126787366616
CCOC(C)=O,OCCOc1ccccc1,1.2251699871139603
CCOP(=S)(OCC)Oc1nc(Cl)c(Cl)cc1Cl,Cc1c(COC(=O)C2C(C=C(Cl)C(F)(F)F)C2(C)C)cccc1-c1ccccc1,3.996529628385455
CCO,CCOC(C)=O,0.609649313570915
CCO,Cc1ccccc1,1.0663235573464869
CCO,ClC(Cl)(Cl)Cl,1.2346290319261857
CCO,ClC(Cl)=C(Cl)Cl,1.0696900720883165
CCO,Nc1ccccc1,1.5270184454786015
CCO,O=[N+]([O-])c1ccccc1,1.927766578805835
CCO,OCCNCCO,1.875456083637419
CCO,OCCO,0.1468800599964212
CCO,OCCOCCOCCOCCOCCOCCOCCOCCO,0.7346047953806782
CCO,OCCOc1ccccc1,1.1831117922953445
CCc1cnc(C2=NC(C)(C(C)C)C(=O)N2)c(C(=O)O)c1,COCC(C)N(C(=O)CCl)c1c(C)csc1C,2.3515475459566235
CN(C)C(=O)Nc1ccc(Cl)c(Cl)c1,COC(=O)Nc1nc2ccccc2[nH]1,2.217989079970455
CN(C)C(=O)Nc1ccc(Cl)c(Cl)c1,O=C(Nc1ccccc1)Nc1cnns1,2.4789157228248277
CNC(=N[N+](=O)[O-])NCc1cnc(Cl)s1,Cc1c(COC(=O)C2C(C=C(Cl)C(F)(F)F)C2(C)C)cccc1-c1ccccc1,3.401107130960659
CNC(=O)Oc1ccccc1OC(C)C,COP(=O)(OC)OC=C(Cl)Cl,3.680189807501703
CNC.COc1c(Cl)ccc(Cl)c1C(=O)O,CNC.O=C(O)COc1ccc(Cl)cc1Cl,3.369425181517386
CNC.O=C(O)COc1ccc(Cl)cc1Cl,Cc1nn(-c2cc(NS(C)(=O)=O)c(Cl)cc2Cl)c(=O)n1C(F)F,2.719562117532444
CNC.O=C(O)COc1ccc(Cl)cc1Cl,O=C(O)COc1nc(Cl)c(Cl)cc1Cl,2.2440954702163403
COC(C)(C)CCCC(C)CC=CC(C)=CC(=O)OC(C)C,N#Cc1nn(-c2c(Cl)cc(C(F)(F)F)cc2Cl)c(N)c1S(=O)C(F)(F)F,2.7024056880589296
COC=C(C(=O)OC)c1ccccc1Oc1cc(Oc2ccccc2C#N)ncn1,N#Cc1c[nH]cc1-c1cccc2c1OC(F)(F)O2,2.4303264769438737
COCC(=O)N(c1c(C)cccc1C)C(C)C(=O)OC,N#Cc1c[nH]cc1-c1cccc2c1OC(F)(F)O2,2.2345839575406328
CON=C(C(=O)OC)c1ccccc1CON=C(C)c1cccc(C(F)(F)F)c1,OC(Cc1ccccc1Cl)(Cn1[nH]cnc1=S)C1(Cl)CC1,2.2578061788086177
COP(=O)(NC(C)=O)SC,O=[N+]([O-])N=C1NCCN1Cc1ccc(Cl)nc1,2.135351014971915
COc1c(Cl)ccc(Cl)c1C(=O)[O-].[Na+],COc1nc(C)nc(NC(=O)NS(=O)(=O)c2ccccc2OCCCl)n1,2.017947670572449
COc1cc(OC)nc(NC(=O)NS(=O)(=O)c2c(C(=O)O)c(Cl)nn2C)n1,COc1nc(C)nc(NC(=O)NS(=O)(=O)c2ccsc2C(=O)O)n1,2.7913529971116984
CSC(C)=NOC(=O)N(C)SN(C)C(=O)ON=C(C)SC,O=[N+]([O-])N=C1NCCN1Cc1ccc(Cl)nc1,2.548580154672514
Cc1c(COC(=O)C2C(C=C(Cl)C(F)(F)F)C2(C)C)cccc1-c1ccccc1,O=[N+]([O-])N=C1NCCN1Cc1ccc(Cl)nc1,3.524526365224634
Cc1ccccc1,ClC(Cl)(Cl)Cl,1.533634063041502
Cc1ccccc1,ClC(Cl)=C(Cl)Cl,1.3560168173627596
Cc1ccccc1,Nc1ccccc1,1.752273664465246
Cc1ccccc1,O=[N+]([O-])c1ccccc1,1.936829831268967
Cc1ccccc1,OCCNCCO,1.813289876955476
Cc1ccccc1,OCCO,1.037867987021028
Cc1ccccc1,OCCOCCOCCOCCOCCOCCOCCOCCO,1.4106637890199876
Cc1ccccc1,OCCOc1ccccc1,1.5274817055612275
ClC(Cl)(Cl)Cl,ClC(Cl)=C(Cl)Cl,1.5898073296969764
ClC(Cl)(Cl)Cl,Nc1ccccc1,1.9215122031721457
ClC(Cl)(Cl)Cl,O=[N+]([O-])c1ccccc1,2.229149476843986
ClC(Cl)(Cl)Cl,OCCNCCO,1.9474891633779337
ClC(Cl)(Cl)Cl,OCCO,1.0296483079272591
ClC(Cl)(Cl)Cl,OCCOCCOCCOCCOCCOCCOCCOCCO,1.591637191164947
ClC(Cl)(Cl)Cl,OCCOc1ccccc1,1.5779769734446476
ClC(Cl)=C(Cl)Cl,Nc1ccccc1,1.8393000359197595
ClC(Cl)=C(Cl)Cl,O=[N+]([O-])c1ccccc1,1.9504702094745168
ClC(Cl)=C(Cl)Cl,OCCNCCO,1.6931622370362194
ClC(Cl)=C(Cl)Cl,OCCO,0.941652336219722
ClC(Cl)=C(Cl)Cl,OCCOCCOCCOCCOCCOCCOCCOCCO,1.5963262891220944
ClC(Cl)=C(Cl)Cl,OCCOc1ccccc1,1.5867686376114585
Cn1sc(Cl)cc1=O,Cn1sccc1=O,3.134764155640809
N#Cc1c[nH]cc1-c1cccc2c1OC(F)(F)O2,c1ccc2[nH]c(-c3cscn3)nc2c1,2.510329926579277
N#Cc1nn(-c2c(Cl)cc(C(F)(F)F)cc2Cl)c(N)c1S(=O)C(F)(F)F,O=[N+]([O-])N=C1NCCN1Cc1ccc(Cl)nc1,2.5624454028560284
Nc1ccccc1,O=[N+]([O-])c1ccccc1,2.340027463161263
Nc1ccccc1,OCCNCCO,1.920737531851304
Nc1ccccc1,OCCO,1.6057306559693834
Nc1ccccc1,OCCOCCOCCOCCOCCOCCOCCOCCO,2.2381569468321856
Nc1ccccc1,OCCOc1ccccc1,1.845002139484949
O=[N+]([O-])c1ccccc1,OCCNCCO,2.053446221961857
O=[N+]([O-])c1ccccc1,OCCO,1.965584807274388
O=[N+]([O-])c1ccccc1,OCCOCCOCCOCCOCCOCCOCCOCCO,2.189180661586557
O=[N+]([O-])c1ccccc1,OCCOc1ccccc1,2.1658828596479607
OCCNCCO,OCCO,1.5767426095426784
OCCNCCO,OCCOCCOCCOCCOCCOCCOCCOCCO,2.2449563395227567
OCCNCCO,OCCOc1ccccc1,1.815521875883107
OCCOCCOCCOCCOCCOCCOCCOCCO,OCCOc1ccccc1,1.4141857140313303
OCCO,OCCOCCOCCOCCOCCOCCOCCOCCO,1.1529714365927908
OCCO,OCCOc1ccccc1,1.049990728983467
